ID,SMILES,pChEMBL Value,Target,Document ChEMBL ID
CHEMBL197,COc1ccc(CCN(C)CCC[C@](C#N)(c2ccc(OC)c(OC)c2)C(C)C)cc1OC,7.46,ABCC1,CHEMBL1156492
CHEMBL28629,Cn1c2ccnc(N3CCOCC3)c2c2ncnc(N3CCN(CCc4ccc(F)c(F)c4)CC3)c21,8,ABCC1,CHEMBL1149093
CHEMBL200216,Cc1onc2c1c(=O)n([C@H]1CCC[C@@H](CNC(=O)c3ccccc3)C1)c1cccc(Cl)c21,7.42,ABCC1,CHEMBL1141238
CHEMBL418382,Cn1c2ccnc(Cl)c2c2nc(CN3CCOCC3)nc(N3CCN(CCc4ccc(F)c(F)c4)CC3)c21,7.77,ABCC1,CHEMBL1149093
CHEMBL283255,NC(=O)c1cccc2c1c1ncnc(N3CCN(CCc4ccc(F)c(F)c4)CC3)c1n2Cc1ccncc1,7.7,ABCC1,CHEMBL1149093
CHEMBL439727,Cn1c2cccc(C(N)=O)c2c2nc(CN3CCOCC3)nc(N3CCN(CCc4ccc(F)c(F)c4)CC3)c21,7.54,ABCC1,CHEMBL1149093
CHEMBL29743,O=[N+]([O-])c1cccc2c1c1ncnc(N3CCN(CCc4ccc(F)c(F)c4)CC3)c1n2Cc1ccncc1,7.86,ABCC1,CHEMBL1149093
CHEMBL26678,Cn1c2cccc(C(N)=O)c2c2ncnc(N3CCN(CCc4ccc(F)c(F)c4)CC3)c21,7.62,ABCC1,CHEMBL1149093
CHEMBL26150,CN(C)c1nccc2c1c1ncnc(N3CCN(CCc4ccc(F)c(F)c4)CC3)c1n2C,7.92,ABCC1,CHEMBL1149093
CHEMBL26779,Cc1nc2c(c(C(N)=O)c1[N+](=O)[O-])c1ncnc(N3CCN(CCc4ccc(F)c(F)c4)CC3)c1n2C,7.96,ABCC1,CHEMBL1149093
CHEMBL25905,COCc1nc(N2CCN(CCc3ccc(F)c(F)c3)CC2)c2c(n1)c1c(Cl)nccc1n2C,7.89,ABCC1,CHEMBL1149093
CHEMBL29631,O=[N+]([O-])c1cccc2c1c1ncnc(N3CCN(CCc4ccc(F)c(F)c4)CC3)c1n2Cc1cccnc1,7.58,ABCC1,CHEMBL1149093
CHEMBL284024,O=[N+]([O-])c1cc([N+](=O)[O-])c2[nH]c3c(N4CCN(CCc5ccc(F)c(F)c5)CC4)nc(CN4CCOCC4)nc3c2c1,7.72,ABCC1,CHEMBL1149093
CHEMBL281326,Cn1c2ccnc(NCc3ccccn3)c2c2ncnc(N3CCN(CCc4ccc(F)c(F)c4)CC3)c21,7.82,ABCC1,CHEMBL1149093
CHEMBL25731,CNc1nccc2c1c1ncnc(N3CCN(CCc4ccc(F)c(F)c4)CC3)c1n2C,7.55,ABCC1,CHEMBL1149093
CHEMBL27007,Cc1nccc2c1c1ncnc(N3CCN(CCc4ccc(F)c(F)c4)CC3)c1n2C,7.68,ABCC1,CHEMBL1149093
CHEMBL25903,Cn1c2nccc(C(N)=O)c2c2ncnc(N3CCN(CCc4ccc(F)c(F)c4)CC3)c21,7.92,ABCC1,CHEMBL1149093
CHEMBL281496,Cn1c2nccc(C(N)=O)c2c2nc(CN3CCOCC3)nc(N3CCN(CCc4ccc(F)c(F)c4)CC3)c21,8,ABCC1,CHEMBL1149093
CHEMBL283253,CC(C)Oc1nccc2c1c1ncnc(N3CCN(CCc4ccc(F)c(F)c4)CC3)c1n2C,7.57,ABCC1,CHEMBL1149093
CHEMBL430724,Cn1c2ccncc2c2ncnc(N3CCN(CCc4ccc(F)c(F)c4)CC3)c21,7.62,ABCC1,CHEMBL1149093
CHEMBL4469532,N#Cc1cccc(Nc2nc(-c3ccc[nH]3)nc3ccccc23)c1,8.1,ABCG2,CHEMBL4325882
CHEMBL4172744,O=[N+]([O-])c1cccc(Nc2nc(-c3cccc([N+](=O)[O-])c3)nc3ccccc23)c1,8.7,ABCG2,CHEMBL4130406
CHEMBL2335007,COc1cc2c(cc1OC)CN(Cc1ccc(Oc3ccc(-c4nc(-c5cccc(O)c5)cs4)cn3)cc1)CC2,7.75,ABCG2,CHEMBL2331297
CHEMBL4176534,COc1cccc(Nc2nc(-c3cccc([N+](=O)[O-])c3)nc3ccccc23)c1,7.96,ABCG2,CHEMBL4130406
CHEMBL4545977,COC(=O)c1cccc(COc2c(-c3ccc(OCCOCCOCCn4cc(-c5cccc(-c6cn(CCOCCOCCOc7ccc(-c8oc9ccccc9c(=O)c8OCc8cccc(C(=O)OC)c8)cc7)nn6)c5)nn4)cc3)oc3ccccc3c2=O)c1,8.55,ABCG2,CHEMBL4321806
CHEMBL1195084,Clc1cccc(Nc2nc(-c3ccccc3)nc3ccccc23)c1,7.96,ABCG2,CHEMBL4043291
CHEMBL4172203,COc1ccc(-c2nc(Nc3ccc(O)c([N+](=O)[O-])c3)c3ccccc3n2)cc1OC,7.96,ABCG2,CHEMBL4130406
CHEMBL4160529,COc1cc(Nc2nc(-c3ccc(OC)c(OC)c3)nc3ccccc23)ccc1Br,8.4,ABCG2,CHEMBL4130406
CHEMBL4852670,COc1cccc(CCn2c3c(c4c(OCCCCCCOc5cccc6c5c5c(n6CCc6cccc(OC)c6)-c6ccccc6C5=O)cccc42)C(=O)c2ccccc2-3)c1,7.56,ABCG2,CHEMBL4818994
CHEMBL4756383,Cc1cc(Nc2ccc(C#N)c(Br)c2)nc(-c2ccccc2)n1,7.82,ABCG2,CHEMBL4725354
CHEMBL4866012,COC(=O)c1cccc(COc2c(-c3ccc(OCCOCCOCCN=[N+]=[N-])cc3)oc3ccccc3c2=O)c1,8.07,ABCG2,CHEMBL4825764
CHEMBL4534001,COc1ccc(C(=O)N2CCc3c([nH]c4ccccc34)C2c2ccc(Cl)c(Cl)c2)cc1,7.58,ABCG2,CHEMBL4477211
CHEMBL4161427,O=[N+]([O-])c1cccc(-c2nc(Nc3ccc(O)c([N+](=O)[O-])c3)c3ccccc3n2)c1,8.3,ABCG2,CHEMBL4130406
CHEMBL4083108,Cc1cc(Nc2cccc(C#N)c2)nc(-c2ccncc2)n1,7.66,ABCG2,CHEMBL4014315
CHEMBL348475,COc1cc2c(cc1OC)CN(CCc1ccc(NC(=O)c3cc(OC)c(OC)cc3NC(=O)c3cnc4ccccc4c3)cc1)CC2,8,ABCG2,CHEMBL2331297
CHEMBL4590385,COC(=O)c1cccc(COc2c(-c3ccc(OCCOCCn4cc(CN(Cc5ccncc5)Cc5cn(CCOCCOc6ccc(-c7oc8ccccc8c(=O)c7OCc7cccc(C(=O)OC)c7)cc6)nn5)nn4)cc3)oc3ccccc3c2=O)c1,7.61,ABCG2,CHEMBL4321806
CHEMBL4060914,Oc1cccc(Nc2nc(-c3cccnc3)nc3ncccc23)c1,7.8,ABCG2,CHEMBL4043291
CHEMBL4291590,Cc1ccc2oc(-c3ccc(OCCCCc4cn(CCOCCOc5ccc(-c6oc7ccccc7c(=O)c6OCc6ccccc6)cc5)nn4)cc3)cc(=O)c2c1,7.63,ABCG2,CHEMBL4321806
CHEMBL4458235,COC(=O)c1cccc(COc2c(-c3ccc(OCCOCCn4cc(-c5ccc(-c6cn(CCOCCOc7ccc(-c8oc9ccccc9c(=O)c8OCc8cccc(C(=O)OC)c8)cc7)nn6)cc5)nn4)cc3)oc3ccccc3c2=O)c1,7.87,ABCG2,CHEMBL4321806
CHEMBL4751863,Cc1cc(Nc2ccc(C#N)c(C)c2)nc(-c2ccccc2)n1,7.96,ABCG2,CHEMBL4725354
CHEMBL576185,CC(C)CCn1cc2c(nc(NC(=O)Cc3cccc(Cl)c3)n3nc(-c4ccco4)nc23)n1,8.73,ADORA2A,CHEMBL1154073
CHEMBL447664,Cc1cc(Cn2nnc3c(-c4ccco4)nc(N)nc32)ccc1N,9.2,ADORA2A,CHEMBL1139344
CHEMBL4442908,NCCC(=O)Nc1ccc(-c2cn3c(=O)n(-c4ccccc4)nc3c(N)n2)cc1,9.23,ADORA2A,CHEMBL4321802
CHEMBL480570,Cc1nccnc1-c1nc2cc(N(C)CCN3CCN(c4ccc(F)cc4F)CC3)nc(N)n2n1,9.52,ADORA2A,CHEMBL1143289
CHEMBL409459,Cc1cc(C)n(-c2cc(NC(=O)CN3CCC(CN(C)C)CC3)nc(-c3ccc(C)o3)n2)n1,8.54,ADORA2A,CHEMBL1142327
CHEMBL3121722,Cn1c(=O)c2[nH]c(-c3ccc(OCCC4CCNCC4)cc3)nc2n(C)c1=O,9.54,ADORA2A,CHEMBL3120062
CHEMBL519784,Nc1nc2c(cnn2CCc2ccc(-c3cccnc3)cc2)c2nc(-c3ccco3)nn12,8.82,ADORA2A,CHEMBL1155026
CHEMBL257757,Nc1nc(-c2ccco2)c2cnn(Cc3cccc(Cl)c3)c2n1,9,ADORA2A,CHEMBL1145614
CHEMBL521223,CC(=O)Nc1cc(-c2cccc(N3CCC(O)CC3)n2)nc(-n2nc(C)cc2C)n1,8.72,ADORA2A,CHEMBL1152277
CHEMBL4218105,Cc1ccc(N2CCN(CCn3c(=O)n(C)c4c3nc(N)n3nc(-c5ccco5)nc43)CC2)cc1,8.96,ADORA2A,CHEMBL4190330
CHEMBL4870159,Cn1cc(-c2c(-c3ccccc3)nc(N)n3nc(Cc4ncccc4F)nc23)ccc1=O,9.24,ADORA2A,CHEMBL4840384
CHEMBL16894,CCCCn1cc2c(nc(N)n3nc(-c4ccco4)nc23)n1,8.8,ADORA2A,CHEMBL1133118
CHEMBL3765164,Nc1nc(C(=O)NCc2cccc3c2C(=O)NC3)c2cccc(F)c2n1,8.74,ADORA2A,CHEMBL3763049
CHEMBL4103179,COc1ccc(N2CCOCC2)c2sc(NC(=O)C(C)(C)Oc3ccc(F)cc3F)nc12,8.59,ADORA2A,CHEMBL4002602
CHEMBL3121725,Cn1c(=O)c2[nH]c(-c3ccc(OCCCCl)cc3)nc2n(C)c1=O,10.35,ADORA2A,CHEMBL3120062
CHEMBL475445,COc1ccc(CCSc2cc3nc(-c4ccco4)nn3c(N)n2)cc1,8.8,ADORA2A,CHEMBL1143289
CHEMBL1098765,Nc1nc(-c2ccccc2)c2c(n1)-c1cc(NCCc3ccccn3)ccc1C2=O,9.05,ADORA2A,CHEMBL1157881
CHEMBL1270115,COCCCn1c(NC(=O)c2cccc(C#N)c2)nc2ccc(C(=O)N(C)C(C)C)nc21,8.6,ADORA2A,CHEMBL1268900
CHEMBL4208426,COCCOc1ccc(N2CCN(CCn3c(=O)n(C)c4c3nc(N)n3nc(-c5nccs5)nc43)CC2)cc1,8.92,ADORA2A,CHEMBL4190330
CHEMBL246469,COCCOc1ccc(N2CCN(CCn3cnc4c3nc(N)n3nc(-c5cccc(F)c5)nc43)CC2)cc1,8.7,ADORA2A,CHEMBL1139098
CHEMBL4537644,CC(C)(CC(c1ccc(F)cc1)c1ccc(F)cc1)NCC(O)c1ccc(O)c2[nH]c(=O)ccc12,10.12,ADRB2,CHEMBL4340501
CHEMBL4636255,CC(C)(CCc1cccc(O)c1)NCC(O)c1cc(O)cc2c1OCC(=O)N2.Cl,10.51,ADRB2,CHEMBL4609982
CHEMBL4857743,O=C(N[C@H](c1ccccc1)c1cccc(OCCCCCCNC[C@H](O)c2ccc(O)c3[nH]c(=O)ccc23)c1)O[C@H]1CN2CCC1CC2,10.4,ADRB2,CHEMBL4814011
CHEMBL4872480,Cl.O=c1ccc2c(C(O)CNCCCc3cc(F)cc(F)c3)ccc(O)c2[nH]1,10.67,ADRB2,CHEMBL4842339
CHEMBL3298325,COc1ccc(Nc2ccc(CCNC[C@H](O)c3ccc(O)c4[nH]c(=O)ccc34)cc2)cc1-c1cccc(CN)c1,10.1,ADRB2,CHEMBL3297645
CHEMBL4641262,COc1cccc(CCC(C)(C)NC[C@H](O)c2cc(O)cc3c2OCC(=O)N3)c1.Cl,10.56,ADRB2,CHEMBL4609982
CHEMBL1711,CC(C)NCC(O)c1ccc(O)c(O)c1.Cl,10.26,ADRB2,CHEMBL4609982
CHEMBL4863525,O=C(NC(c1ccccc1)c1cccc(OCCCCCCNC[C@H](O)c2ccc(O)c3[nH]c(=O)ccc23)c1)O[C@H]1CN2CCC1CC2,10.8,ADRB2,CHEMBL4814011
CHEMBL3298328,NCCOc1ccc(Nc2ccc(CCNC[C@H](O)c3ccc(O)c4[nH]c(=O)ccc34)cc2)cc1,10,ADRB2,CHEMBL3297645
CHEMBL4860764,CC(CCc1ccccc1Cl)NCC(O)c1ccc(O)c2[nH]c(=O)ccc12.Cl,10.47,ADRB2,CHEMBL4842339
CHEMBL4642770,COc1ccccc1CCC(C)(C)NCC(O)c1cc(O)cc2c1OCC(=O)N2.Cl,10.54,ADRB2,CHEMBL4609982
CHEMBL3426697,O=C(CCN1CCC(OC(=O)Nc2ccccc2-c2ccccc2)CC1)NCCCCCNC[C@H](O)c1ccc(O)c2[nH]c(=O)ccc12,9.9,ADRB2,CHEMBL3425497
CHEMBL1243035,CC(C)(Cc1cccc(CC(=O)NCc2cc(Cl)cc(Cl)c2O)c1)NC[C@H](O)c1ccc(O)c(NS(C)(=O)=O)c1,9.89,ADRB2,CHEMBL1240530
CHEMBL4857267,COc1ccccc1CCC(C)(C)NCC(O)c1ccc(O)c2[nH]c(=O)ccc12.Cl,10.65,ADRB2,CHEMBL4842339
CHEMBL1807818,O=c1[nH]c2c(O)ccc([C@@H](O)CNCCCSCCOCCc3ccccc3)c2s1,10.1,ADRB2,CHEMBL1806408
CHEMBL3426698,O=C(CCN1CCC(OC(=O)Nc2ccccc2-c2ccccc2)CC1)N[C@H]1CC[C@H](CNC[C@H](O)c2ccc(O)c3[nH]c(=O)ccc23)CC1,9.8,ADRB2,CHEMBL3425497
CHEMBL4873280,Cc1ccc(CCCNCC(O)c2ccc(O)c3[nH]c(=O)ccc23)cc1.Cl,10.02,ADRB2,CHEMBL4842339
CHEMBL4473515,O=c1ccc2c(C(O)CNCCCc3cccc(O)c3)ccc(O)c2[nH]1,10.44,ADRB2,CHEMBL4340501
CHEMBL1940830,OCc1cc([C@@H](O)CNCCc2ccc(NC[C@H](O)c3ccccc3)cc2)ccc1O,10,ADRB2,CHEMBL1938358
CHEMBL4874819,O=C(NC(c1ccccc1)c1cccc(OCCCCCNC[C@H](O)c2ccc(O)c3[nH]c(=O)ccc23)c1)O[C@H]1CN2CCC1CC2,10.6,ADRB2,CHEMBL4814011
CHEMBL4215704,CC(C)(C#N)c1ccc(-c2c(C(=O)N3CCN(C(=O)C4CC4)CC3)cnc3ccc(F)cc23)cc1,8.22,ALDH1A1,CHEMBL4184337
CHEMBL4207514,CN(C)C(=O)N1CCN(C(=O)c2cnc3ccc(F)cc3c2N2CCC(C#N)(c3ccccc3)CC2)CC1,8.22,ALDH1A1,CHEMBL4184337
CHEMBL4210671,CS(=O)(=O)N1CCN(C(=O)c2cnc3ccc(F)cc3c2N2CCC(C=O)(c3ccccc3)CC2)CC1,8,ALDH1A1,CHEMBL4184337
CHEMBL4214724,CC(C)(C#N)c1ccc(-c2c(C(=O)N3CCN(S(C)(=O)=O)CC3)cnc3ccc(F)cc23)cc1,8.05,ALDH1A1,CHEMBL4184337
CHEMBL4218688,CN(C)C(=O)N1CCN(C(=O)c2cnc3ccc(F)cc3c2-c2ccc(C3(C#N)CC3)cc2)CC1,8.1,ALDH1A1,CHEMBL4184337
CHEMBL4205368,CS(=O)(=O)N1CCN(C(=O)c2cnc3ccc(F)cc3c2N2CCC(C#N)(c3ccc(F)cc3)CC2)CC1,7.96,ALDH1A1,CHEMBL4184337
CHEMBL4207953,CS(=O)(=O)N1CCN(C(=O)c2cnc3ccsc3c2N2CCC(C#N)(c3ccccc3)CC2)CC1,8,ALDH1A1,CHEMBL4184337
CHEMBL4205051,CS(=O)(=O)N1CCN(C(=O)c2cnc3cc(F)c(F)cc3c2N2CCC(C#N)(c3ccccc3)CC2)CC1,7.92,ALDH1A1,CHEMBL4184337
CHEMBL4210811,N#CC1(c2ccccc2)CCN(c2c(C(=O)N3CCN(C(=O)C4CC4)CC3)cnc3ccsc23)CC1,7.92,ALDH1A1,CHEMBL4184337
CHEMBL4217115,CC(C)(C#N)c1ccc(-c2c(C(=O)N3CCN(S(C)(=O)=O)CC3)cnc3ccc(F)cc23)c(F)c1,8.05,ALDH1A1,CHEMBL4184337
CHEMBL4206892,CS(=O)(=O)N1CCN(C(=O)c2cnc3ccc(F)cc3c2N2CCC(C#N)(c3ccccc3)CC2)CC1,8.26,ALDH1A1,CHEMBL4184337
CHEMBL4209722,COc1ccc2ncc(C(=O)N3CCN(S(C)(=O)=O)CC3)c(-c3ccc(C4(C#N)CC4)cc3)c2c1,8.15,ALDH1A1,CHEMBL4184337
CHEMBL4212891,CS(=O)(=O)N1CCN(C(=O)c2cnc3cc(F)c(F)cc3c2-c2ccc(C3(C#N)CC3)cc2)CC1,8.1,ALDH1A1,CHEMBL4184337
CHEMBL4206606,CS(=O)(=O)N1CCN(C(=O)c2cnc3ccc(F)cc3c2-c2ccc(C3(C#N)CCC3)cc2)CC1,8.15,ALDH1A1,CHEMBL4184337
CHEMBL4206272,CS(=O)(=O)N1CCN(C(=O)c2cnc3ccc(F)cc3c2-c2ccc(C3(C#N)CC3)cc2)CC1,8.15,ALDH1A1,CHEMBL4184337
CHEMBL115581,O=C1C(=O)N(Cc2ccccc2)c2ccccc21,8,ALDH1A1,CHEMBL4184337
CHEMBL4212671,CN(C)S(=O)(=O)N1CCN(C(=O)c2cnc3ccc(F)cc3c2-c2ccc(C3(C#N)CC3)cc2)CC1,8.22,ALDH1A1,CHEMBL4184337
CHEMBL4202680,CS(=O)(=O)N1CCN(C(=O)c2cnc3ccc(F)cc3c2N2CCC(C#N)(c3ccccc3F)CC2)CC1,8.15,ALDH1A1,CHEMBL4184337
CHEMBL4207617,CS(=O)(=O)N1CCN(C(=O)c2cnc3ccc(Cl)cc3c2-c2ccc(C3(C#N)CC3)cc2)CC1,8.15,ALDH1A1,CHEMBL4184337
CHEMBL4215957,CS(=O)(=O)N1CCN(C(=O)c2cnc3c(F)cc(F)cc3c2N2CCC(C#N)(c3ccccc3)CC2)CC1,7.96,ALDH1A1,CHEMBL4184337
CHEMBL76112,O=C(O)c1cc(/C=C\c2ccc(/C=C\c3ccc(O)c(C(=O)O)c3)c(Br)c2)ccc1O,9.89,APP,CHEMBL1134523
CHEMBL570378,CNc1ccc(-c2nc3ccc(O)cc3s2)cn1,8.77,APP,CHEMBL1156120
CHEMBL198598,CN(C)c1ccc(/C=C/c2ccc(O)cc2)cc1,8.96,APP,CHEMBL1140412
CHEMBL207456,[11CH3]Nc1ccc(-c2nc3ccc(O)cc3s2)cc1,9.1,APP,CHEMBL2062519
CHEMBL2042122,CNc1ccc(-c2nc3ccc(O)cc3s2)cc1[18F],9.15,APP,CHEMBL2062519
CHEMBL227521,CNc1ccc(C#Cc2ccc(OCCOCCF)cc2)cc1,8.92,APP,CHEMBL1139874
CHEMBL1671878,CNc1ccc(-c2cn3c(n2)sc2cc(OC)ccc23)cc1,8.46,APP,CHEMBL1671803
CHEMBL598288,Cc1ccc(Nc2ccc3c(c2)C(=O)N(C)C3=O)cc1,8.39,APP,CHEMBL1159057
CHEMBL91449,CN(C)c1ccc(-c2nc3ccc(O)cc3s2)cc1,8.36,APP,CHEMBL1145813
CHEMBL609015,CN(C)c1ccc(-c2nnc(-c3ccc(I)cc3)o2)cc1,8.41,APP,CHEMBL3132823
CHEMBL1788117,[3H]N(c1ccc(/C=C/c2ccc(O)cc2)cc1)C([3H])([3H])[3H],8.62,APP,CHEMBL1156120
CHEMBL607562,CN1C(=O)c2ccc(Nc3ccc([125I])cc3)cc2C1=O,9.68,APP,CHEMBL1159057
CHEMBL208212,CNc1ccc(-c2cc3cc(OC)ccc3o2)cc1,8.89,APP,CHEMBL1147646
CHEMBL566296,CNc1ccc(/C=C/c2ccc(OCCCCCCCCF)cc2)cc1,8.36,APP,CHEMBL1156120
CHEMBL565657,CN(C)c1ccc(/C=C/c2nc3ccccc3s2)cc1,8.64,APP,CHEMBL1156120
CHEMBL239859,CC[C@@H]1CCC[C@H](C2(OC(=O)N3CCC(N4CCCCC4)CC3)CC2)N1S(=O)(=O)c1ccc(Cl)cc1,8.46,APP,CHEMBL1137438
CHEMBL74348,O=C(O)c1cc(/C=C\c2ccc(/C=C/c3ccc(O)c(C(=O)O)c3)c(Br)c2)ccc1O,9.57,APP,CHEMBL1134523
CHEMBL227576,CN(C)c1ccc(C#Cc2ccc(OCCOCCF)cc2)cc1,8.3,APP,CHEMBL1139874
CHEMBL566709,CNc1ccc(/C=C/c2ccc(OCCCCF)cc2)cc1,8.54,APP,CHEMBL1156120
CHEMBL232112,CNc1ccc(C#Cc2cnc(OCCO)c(Br)c2)cc1,8.8,APP,CHEMBL1148884
CHEMBL591907,CC1(C)CCC(c2ccc(Cl)cc2)=C(CN2CCN(c3ccc(C(=O)NS(=O)(=O)c4ccc(NC(CCN5CCOCC5)CSc5ccccc5)c(S(=O)(=O)C(F)(F)F)c4)cc3)CC2)C1,10.36,BCL2,CHEMBL4376822
CHEMBL2063897,CCc1c(-c2ccc(Cl)cc2)c(-c2cccc(N3CCN(c4ccc(NS(=O)(=O)c5ccc(N[C@H](CCN(C)C)CSc6ccccc6)c([N+](=O)[O-])c5)cc4)CC3)c2)c(C(=O)O)n1C,9.1,BCL2,CHEMBL2062483
CHEMBL374214,CN(C)CC[C@H](CSc1ccccc1)Nc1ccc(S(=O)(=O)NC(=O)c2ccc(N3CCC(=Cc4ccc(Cl)cc4)CC3)cc2)cc1[N+](=O)[O-],8.68,BCL2,CHEMBL1141382
CHEMBL375628,COC1(Cc2cccc(Cl)c2)CCN(c2ccc(C(=O)NS(=O)(=O)c3ccc(N[C@H](CCN(C)C)CSc4ccccc4)c([N+](=O)[O-])c3)cc2)CC1,8.74,BCL2,CHEMBL1141382
CHEMBL4873467,COc1ccc(C2=C(CN3CCN(c4ccc(C(=O)NS(=O)(=O)c5ccc(NCC6CCOCC6)c([N+](=O)[O-])c5)c(Oc5cnc6[nH]ccc6c5)c4)CC3)CCC(C)(C)C2)cc1,8.42,BCL2,CHEMBL4825763
CHEMBL426558,COC1(Cc2ccccc2Br)CCN(c2ccc(C(=O)NS(=O)(=O)c3ccc(N[C@H](CCN(C)C)CSc4ccccc4)c([N+](=O)[O-])c3)cc2)CC1,8.82,BCL2,CHEMBL1141382
CHEMBL2063885,CN(C)CC[C@H](CSc1ccccc1)Nc1ccc(S(=O)(=O)NC(=O)c2ccc(C#Cc3cccc(-c4c(-c5ccc(Cl)cc5)cn(CC[C@H](O)CO)c4C(=O)NCCCN4CCN(C)CC4)c3)cc2)cc1[N+](=O)[O-],8.72,BCL2,CHEMBL2062483
CHEMBL2325763,CCn1c(C)c(C(=O)NS(C)(=O)=O)c(-c2cccc(N3CCN(c4ccc(NS(=O)(=O)c5ccc(N[C@H](CCN(C)C)CSc6ccccc6)c([N+](=O)[O-])c5)cc4)CC3)c2)c1-c1ccc(Cl)cc1,8.74,BCL2,CHEMBL2321752
CHEMBL4858569,CN1CCC(CNc2ccc(S(=O)(=O)NC(=O)c3ccc(N4CCN(CC5=C(c6ccc(C(F)(F)F)cc6)CC(C)(C)CC5)CC4)cc3Oc3cnc4[nH]ccc4c3)cc2[N+](=O)[O-])C1,8.62,BCL2,CHEMBL4825763
CHEMBL2326744,CN(C)CC[C@H](CSc1ccccc1)Nc1ccc(S(=O)(=O)Nc2nnc3n2CCN(C2CCN(Cc4ccccc4-c4ccc(Cl)cc4)CC2)CC3)cc1S(=O)(=O)C(F)(F)F,8.3,BCL2,CHEMBL2321763
CHEMBL376408,CN(C)CC[C@H](CSc1ccccc1)Nc1ccc(S(=O)(=O)NC(=O)c2ccc(N3CCN(Cc4ccccc4-c4ccc(Cl)cc4)CC3)cc2)cc1[N+](=O)[O-],9.22,BCL2,CHEMBL2321763
CHEMBL375770,COC1(Cc2ccccc2C)CCN(c2ccc(C(=O)NS(=O)(=O)c3ccc(N[C@H](CCN(C)C)CSc4ccccc4)c([N+](=O)[O-])c3)cc2)CC1,8.85,BCL2,CHEMBL1141382
CHEMBL268908,COc1ccccc1CC1(OC)CCN(c2ccc(C(=O)NS(=O)(=O)c3ccc(N[C@H](CCN(C)C)CSc4ccccc4)c([N+](=O)[O-])c3)cc2)CC1,8.8,BCL2,CHEMBL1141382
CHEMBL4776750,CC[C@H](C)[C@H](NC(=O)[C@H](CCCNC(=N)N)NC(=O)[C@H](CCCNC(=N)N)NC(=O)[C@H](CC(C)C)NC(=O)[C@H](CCC(=O)O)NC(=O)[C@H](CCC(N)=O)NC(=O)[C@H](C)NC(=O)[C@@H](NC(=O)[C@H](Cc1c[nH]c2ccccc12)NC(=O)[C@@H](NC(=O)[C@H](CCC(=O)O)NC(=O)[C@@H]1CCCN1C(=O)[C@H](CCCNC(=N)N)NC(=O)[C@H](CCSC)NC(=O)[C@@H](N)CC(=O)O)[C@@H](C)CC)[C@@H](C)CC)C(=O)NCC(=O)N[C@@H](CC(=O)O)C(=O)N[C@@H](CCC(=O)O)C(=O)N[C@@H](Cc1ccccc1)C(=O)N[C@@H](CC(N)=O)C(=O)N[C@@H](C)C(=O)N[C@@H](Cc1ccc(O)cc1)C(=O)N[C@@H](Cc1ccc(O)cc1)C(=O)N[C@@H](C)C(=O)N[C@@H](CCCNC(=N)N)C(=O)O,8.57,BCL2,CHEMBL4699647
CHEMBL2063892,CN(C)CC[C@H](CSc1ccccc1)Nc1ccc(S(=O)(=O)Nc2ccc(N3CCN(c4cccc(-c5c(-c6ccc(Cl)cc6)cn(C)c5C(=O)NCCCN5CCN(C)CC5)c4)CC3)cc2)cc1[N+](=O)[O-],9.22,BCL2,CHEMBL2062483
CHEMBL2325766,Cc1c(C(=O)NS(C)(=O)=O)c(-c2cccc(N3CCN(c4ccc(NS(=O)(=O)c5ccc(N[C@H](CCN(C)C)CSc6ccccc6)c([N+](=O)[O-])c5)cc4)CC3)c2)c(-c2ccc(Cl)cc2)n1C,9.05,BCL2,CHEMBL2321752
CHEMBL3958369,O=C(c1cc(-c2cc3c(cc2C(=O)N2Cc4ccccc4C[C@H]2CN2CCOCC2)OCO3)n2c1CCCC2)N(c1ccccc1)c1ccc(O)cc1,8.89,BCL2,CHEMBL4396893
CHEMBL2170835,Cc1c(C(=O)O)c(-c2cccc(N3CCN(c4ccc(NS(=O)(=O)c5ccc(N[C@H](CCN6CCC(O)CC6)CSc6ccccc6)c(S(=O)(=O)C(F)(F)F)c5)cc4)CC3)c2)c(-c2ccc(Cl)cc2)n1C,8.62,BCL2,CHEMBL2169845
CHEMBL375842,COC1(Cc2ccccc2F)CCN(c2ccc(C(=O)NS(=O)(=O)c3ccc(N[C@H](CCN(C)C)CSc4ccccc4)c([N+](=O)[O-])c3)cc2)CC1,8.51,BCL2,CHEMBL1141382
CHEMBL4286311,C[C@@H]1CC[C@H]2[C@@H](C)[C@@H](CCN3CCN(c4ccc(C(=O)NS(=O)(=O)c5ccc(NCC6CCOCC6)c([N+](=O)[O-])c5)c(Oc5cnc6[nH]ccc6c5)c4)CC3)O[C@@H]3O[C@@]4(C)CC[C@@H]1[C@@]23O4,8.74,BCL2,CHEMBL4261603
CHEMBL4213481,Cn1cc2c3c(c[nH]c(=O)c31)-c1cc(CS(C)(=O)=O)ccc1N(c1ccccn1)C2,8.64,BRD4,CHEMBL4190379
CHEMBL4581411,COc1ccc2c([nH]c3nc(C)nc(-c4ccnc5ccccc45)c32)c1-c1c(C)noc1C,8.85,BRD4,CHEMBL4368853
CHEMBL3987016,CCS(=O)(=O)Nc1ccc(Oc2ccc(F)cc2F)c(-c2cn(C)c(=O)c3[nH]ccc23)c1,9,BRD4,CHEMBL4402585
CHEMBL4099010,CCS(=O)(=O)Nc1ccc2c(c1)-c1cn(C)c(=O)cc1OCCCCc1cc(F)cc(F)c1O2,8.82,BRD4,CHEMBL4049425
CHEMBL3906306,CCOc1cc(=O)n(C)cc1-c1cc(N(CC2CC2)S(=O)(=O)CC)ccc1Oc1ccc(F)cc1F,8.64,BRD4,CHEMBL4043066
CHEMBL4177080,Cc1nnn2c1-c1ccc(-c3cc[nH]n3)cc1N(c1ccc(Cl)cc1)CC2,8.15,BRD4,CHEMBL4138256
CHEMBL3889757,Cn1cc(-c2cc(NS(C)(=O)=O)cnc2Oc2ccccc2)c2cc[nH]c2c1=O,8.39,BRD4,CHEMBL4017535
CHEMBL4102713,CCS(=O)(=O)Nc1ccc(Oc2ccc(F)cc2F)c(-c2cn(C)c(=O)cc2OCC(C)C)c1,8.15,BRD4,CHEMBL4049425
CHEMBL4167996,COc1cc2c(cc1-c1c(C)noc1C)[nH]c1nc(C)nc(Nc3cc(C)nn3C3CCCC3)c12,8.4,BRD4,CHEMBL4145654
CHEMBL4226376,CC(=O)N1c2ccc(-c3ccc(C(=O)NCCOCCOCCOCCOCC(=O)N[C@H](C(=O)N4C[C@H](O)C[C@H]4C(=O)NCc4ccc(-c5scnc5C)cc4)C(C)(C)C)cc3)cc2[C@H](Nc2ccc(Cl)cc2)C[C@@H]1C,8.1,BRD4,CHEMBL4219029
CHEMBL3898684,CCS(=O)(=O)Nc1ccc(Oc2ccccc2)c(-c2cn(C)c(=O)c3[nH]ccc23)c1,8.82,BRD4,CHEMBL4017535
CHEMBL4169068,COc1cc2c(cc1-c1c(C)noc1C)[nH]c1nc(C)nc(Nc3nn(C)c4c3CCCC4)c12,8.3,BRD4,CHEMBL4145654
CHEMBL4593553,COc1nnc2ccc(N3CCC(c4ccc(OCCN5CCN(C)C(=O)C5C)cc4)CC3)nn12,8.77,BRD4,CHEMBL4330081
CHEMBL4461077,Cc1cc(-c2cc(CS(C)(=O)=O)ccc2Oc2ccc(F)cc2F)n2cc[nH]c(=O)c12,8.38,BRD4,CHEMBL4402585
CHEMBL4852928,CNC(=O)[C@H](C1CCOCC1)N(CC(c1ccccc1)c1ccccn1)C(=O)c1cc(C)c(=O)n(C)c1,8.3,BRD4,CHEMBL4825709
CHEMBL4077359,CC1=C(C)C2C(c3ccc(Cl)cc3)=N[C@@H](CC(=O)NCCOCCOCCOCCOCCOCCOCCOCCNC(=O)C[C@@H]3N=C(c4ccc(Cl)cc4)c4c(sc(C)c4C)-n4c(C)nnc43)c3nnc(C)n3C2S1,8.51,BRD4,CHEMBL4043066
CHEMBL4083819,CCOc1cc(=O)n(C)cc1-c1cc(NS(=O)(=O)CC)ccc1Oc1ccc(OC(F)(F)F)cc1,8.26,BRD4,CHEMBL4049425
CHEMBL3970220,Cn1cc(-c2cc(NS(C)(=O)=O)ccc2Oc2ccccc2)c2cc[nH]c2c1=O,8.62,BRD4,CHEMBL4017535
CHEMBL4218866,COc1cc2c(cc1-c1c(C)noc1C)[nH]c1ncnc(-c3c[nH]c4cnccc34)c12,8.15,BRD4,CHEMBL4184143
CHEMBL4846895,[2H]C([2H])([2H])c1nnn(C)c1-c1cnc2c3ccc(C(C)(C)O)c(F)c3n([C@H](c3ncccc3F)C3CCOCC3)c2c1,9.22,BRD4,CHEMBL4808188
CHEMBL4464359,Cc1cc(N2CC(C(=O)NNC(=S)Nc3ccccc3)CC2=O)c(Cl)c(C)c1S(N)(=O)=O,10.74,CA2,CHEMBL4308907
CHEMBL4174548,NS(=O)(=O)c1ccc([Se]CC(O)COCc2ccccc2)cc1,8.85,CA2,CHEMBL4130589
CHEMBL1788291,CCN[C@H]1CCS(=O)(=O)c2sc(S(N)(=O)=O)cc21.Cl,9.7,CA2,CHEMBL1124372
CHEMBL278603,CC(=O)Nc1ccc(S(=O)(=O)Nc2nnc(S(N)(=O)=O)s2)cc1F,9,CA2,CHEMBL1149322
CHEMBL3763167,NS(=O)(=O)c1ccc(-c2cc3ccccc3o2)cc1,9.15,CA2,CHEMBL3763133
CHEMBL13614,NS(=O)(=O)c1nnc(NS(=O)(=O)c2ccc(NSC(=S)N3CCOCC3)cc2)s1,8.85,CA2,CHEMBL1132884
CHEMBL262651,NS(=O)(=O)C1N=NC(NC(=O)CN(CCN(CCN(CC(=O)O)CC(=O)NC2N=NC(S(N)(=O)=O)S2)CC(=O)O)CC(=O)O)S1,9,CA2,CHEMBL1135903
CHEMBL1204135,CC(C)CN[C@H]1CCS(=O)(=O)c2sc(S(N)(=O)=O)cc21.Cl,9.15,CA2,CHEMBL1124372
CHEMBL4434778,NS(=O)(=O)c1ccc(-n2nc(-c3ccccc3O)ccc2=O)cc1,9.21,CA2,CHEMBL4390661
CHEMBL4515112,COc1cccc(-c2noc(-c3csc(S(N)(=O)=O)c3)n2)c1,9.09,CA2,CHEMBL4422619
CHEMBL3608871,NS(=O)(=O)c1ccc(-c2cnc(C3CC3)o2)cc1,11,CA2,CHEMBL3608251
CHEMBL3608894,NS(=O)(=O)c1cc(-c2cnc(C(=O)N3CCOCC3)o2)cs1,10.52,CA2,CHEMBL3608251
CHEMBL3138424,C[C@H](CCC(=O)Nc1ccc2nc(S(N)(=O)=O)sc2c1)[C@H]1CC[C@H]2[C@@H]3C(=O)C[C@@H]4CC(=O)CC[C@]4(C)[C@H]3CC(=O)[C@@]21C,9.1,CA2,CHEMBL1135136
CHEMBL435094,NS(=O)(=O)c1nnc(NS(=O)(=O)c2ccc(N/C(S)=N/CCCN3CCN(CCC/N=C(\S)Nc4ccc(S(=O)(=O)Nc5nnc(S(N)(=O)=O)s5)cc4)CC3)cc2)s1,9.05,CA2,CHEMBL1137059
CHEMBL3609431,NOS(=O)(=O)NC(=O)OCc1ccccc1,9,CA2,CHEMBL3608259
CHEMBL2402764,COc1ccc(CC(=O)Nc2nnc(S(N)(=O)=O)s2)cc1,9.12,CA2,CHEMBL2401702
CHEMBL4075893,NS(=O)(=O)c1cccc(-n2c(S)nc3cc(Br)ccc3c2=O)c1,8.96,CA2,CHEMBL4024724
CHEMBL302706,Nc1c(Cl)cc(S(=O)(=O)Nc2nnc(S(N)(=O)=O)s2)cc1Cl,9.3,CA2,CHEMBL1144995
CHEMBL4062330,COc1ccc(C[C@@H]2C[C@@H]2C(=O)O)cc1OC,8.92,CA2,CHEMBL4000141
CHEMBL4064130,O=C(CSc1nnc(Nc2ccccc2)s1)N/N=C/c1ccc(-c2cccc(Cl)c2)o1,9.28,CA2,CHEMBL4033689
CHEMBL74944,CCOC(=O)C1=C(C)N=C(C)/C(=C(/O)OCC)C1c1c(C)noc1C,7.57,CACNA1C,CHEMBL1124881
CHEMBL193,COC(=O)C1=C(C)NC(C)=C(C(=O)OC)C1c1ccccc1[N+](=O)[O-],9.4,CACNA1C,CHEMBL1128711
CHEMBL2114104,[2H]C1(c2c(C)noc2C)C(C(=O)OCC)=C(C)NC(C)=C1C(=O)OCC,7.54,CACNA1C,CHEMBL1124881
CHEMBL325811,CCOC(=O)C1=C(C)N=C(C)/C(=C(/O)OCC)C1c1c(-c2ccccc2)noc1CCc1cccc(Br)c1,8.16,CACNA1C,CHEMBL1132339
CHEMBL305903,CCOC(=O)C1=C(C)N=C(C)/C(=C(/O)OCC)C1c1c(-c2ccccc2)noc1C,7.86,CACNA1C,CHEMBL1124881
CHEMBL39925,CCOC(=O)C1=C(C)NC(SC)=NC1c1cccc([N+](=O)[O-])c1,7.64,CACNA1C,CHEMBL1125160
CHEMBL104455,CCOC(=O)C1=C(C)N=C(C)/C(=C(/O)OCC)C1c1c(C)noc1CCc1cccc2ccccc12,8.39,CACNA1C,CHEMBL1132339
CHEMBL282706,CSC1=NC2/C(=C(/O)OCCCCCSc3ccccc32)C(C)=N1,7.75,CACNA1C,CHEMBL1128711
CHEMBL3392281,CCC(C)OC(=O)C1=C(C)NC(SC)=NC1c1cccc([N+](=O)[O-])c1,8.59,CACNA1C,CHEMBL1125160
CHEMBL159854,CCOC(=O)C1=C(C)N=C(C)/C(=C(/O)OCC)C1c1cccc([N+](=O)[O-])c1SC,9,CACNA1C,CHEMBL1123720
CHEMBL1726,COC(=O)C1=C(C)NC(C)=C(C(=O)OCC(C)C)C1c1ccccc1[N+](=O)[O-],8.52,CACNA1C,CHEMBL3436046
CHEMBL104082,CCOC(=O)C1=C(C)N=C(C)/C(=C(/O)OCC)C1c1c(C)noc1CCc1ccc(-c2ccccc2)cc1,7.74,CACNA1C,CHEMBL1132339
CHEMBL2398396,CSC1=NC(c2cccc([N+](=O)[O-])c2)C(C(=O)OC(C)C)=C(C)N1,7.92,CACNA1C,CHEMBL1125160
CHEMBL23692,CSC1=NC2/C(=C(/O)OCCCCCSc3c2cccc3[N+](=O)[O-])C(C)=N1,8.3,CACNA1C,CHEMBL1128711
CHEMBL323782,CCOC(=O)C1=C(C)N=C(C)/C(=C(/O)OCC)C1c1c(C)noc1CCc1ccccc1,7.64,CACNA1C,CHEMBL1132339
CHEMBL51149,COc1ccc(CCN(C)CCCC(C#N)(c2cc(OC)c(OC)c(OC)c2)C(C)C)cc1OC,7.77,CACNA1C,CHEMBL3436046
CHEMBL1648,COC(=O)C1=C(C)NC(C)=C(C(=O)OC(C)C)C1c1cccc2nonc12,8.66,CACNA1C,CHEMBL3436046
CHEMBL475534,CCOC(=O)C1=C(C)NC(C)=C(C(=O)OC)C1c1cccc([N+](=O)[O-])c1,9.6,CACNA1C,CHEMBL1123720
CHEMBL317651,CCOC(=O)C1=C(C)N=C(C)/C(=C(/O)OCC)C1c1c(C)noc1CCc1ccc2ccccc2c1,7.7,CACNA1C,CHEMBL1132339
CHEMBL283013,CO/C(O)=C1\C(C)=NC(C)=C([N+](=O)[O-])[C@H]1c1ccccc1C(F)(F)F,7.75,CACNA1C,CHEMBL1128711
CHEMBL4439974,CCOc1cc2ncnc(Nc3ccc(F)c(Cl)c3)c2cc1NC(=O)COC(C)=O,9.28,EGFR,CHEMBL4382245
CHEMBL4521381,CN(C)C/C=C/C(=O)Nc1cccc(-c2c(-c3ccccc3)oc3ncnc(N[C@H](CO)c4ccccc4)c23)c1,10.37,EGFR,CHEMBL4414600
CHEMBL2031300,CN1CCN(CCC(=O)Nc2ccc3ncnc(Nc4cccc(Br)c4)c3c2)CC1,9.64,EGFR,CHEMBL2029270
CHEMBL213007,COc1cc2ncnc(Nc3cc(Cl)ccc3F)c2cc1OC1CCN(S(C)(=O)=O)CC1,9,EGFR,CHEMBL1149481
CHEMBL3355877,COc1cc2ncnc(Nc3ccc(F)c(Cl)c3)c2cc1OCCCCCCn1ccnc1[N+](=O)[O-],9.49,EGFR,CHEMBL3351739
CHEMBL4763315,CS(=O)(=O)Nc1ccc(-c2cc3c(N[C@H](CO)c4ccccc4)ncnc3[nH]2)cc1,9.3,EGFR,CHEMBL4715760
CHEMBL447850,O=C(/C=C/CC(=O)Nc1ccc2ncnc(Nc3cccc(Br)c3)c2c1)Nc1ccc2c(Nc3cccc(Br)c3)ncnc2c1,9.35,EGFR,CHEMBL1140899
CHEMBL3360620,COc1cc2c(Nc3cccc(Br)c3)ncnc2cc1OCCOCCn1ccnc1[N+](=O)[O-],9.09,EGFR,CHEMBL3352011
CHEMBL4740573,COc1cc(NS(C)(=O)=O)ccc1-c1cc2c(N[C@H](CO)c3ccccc3)ncnc2[nH]1,9.52,EGFR,CHEMBL4715760
CHEMBL121954,Oc1cccc(Nc2[nH]nc3ncnc(Nc4cccc(Cl)c4)c23)c1,9,EGFR,CHEMBL1130217
CHEMBL3360611,C#Cc1cccc(Nc2ncnc3cc(OCCOCCn4ccnc4[N+](=O)[O-])c(OC)cc23)c1,9.27,EGFR,CHEMBL3352011
CHEMBL1089524,CN(C)CCCC(=O)Nc1ccc2nccc(Nc3cccc(Br)c3)c2c1,8.77,EGFR,CHEMBL1156950
CHEMBL3604921,C=CC(=O)Nc1cccc(Oc2nc(Nc3cc(C)[nH]n3)cc(N3CCN(C)CC3)n2)c1,9.19,EGFR,CHEMBL3603765
CHEMBL53665,C=CC(=O)Nc1ccc2ncnc(Nc3ccc(F)c(Br)c3)c2n1,8.92,EGFR,CHEMBL1132213
CHEMBL93032,Oc1cc2ncnc(Nc3cccc(Br)c3)c2cc1O,9.77,EGFR,CHEMBL1128536
CHEMBL162034,CN(C)CCNc1cc2c(Nc3cccc(Br)c3)ncnc2cn1,8.96,EGFR,CHEMBL1131301
CHEMBL3797606,C=CC(=O)Nc1cccc(Oc2nc(Nc3ccc(N4CCN(C)CC4)cc3OC)ncc2SC)c1,9.4,EGFR,CHEMBL3797107
CHEMBL2029429,C=CC(=O)Nc1cccc(N2C(=O)N(C)Cc3cnc(Nc4ccc(N5CCN(C)CC5)c(OC)c4)nc32)c1,9.39,EGFR,CHEMBL2029259
CHEMBL3622639,COCCOc1cc2ncnc(Nc3ccc(F)c(Cl)c3)c2cc1NC(=O)/C=C/CN(C)C,8.92,EGFR,CHEMBL3621102
CHEMBL202411,O=C(C#CCO)Nc1ccc2ncnc(Nc3ccc(F)c(Cl)c3)c2c1,8.85,EGFR,CHEMBL1138126
CHEMBL1829304,COc1cc2c(NC3CCN(C4CCCCC4)CC3)nc(N3CCCN(C(C)C)CC3)nc2cc1OCCCN1CCCCC1,8.22,EHMT2,CHEMBL1828613
CHEMBL4741874,CNc1cc(C)nc(Nc2ccc(OC)c(C3=CCNCCC3)c2)n1,8.37,EHMT2,CHEMBL4725338
CHEMBL2441082,COc1cc2c(NC3CCN(C(C)C)CC3)nc(N3CCC(F)(F)CC3)nc2cc1OCCCN1CCCC1,8.43,EHMT2,CHEMBL2440019
CHEMBL4173668,COc1cc2c(NC3CCN(C)CC3)cc(C3=CCCCC3)nc2cc1OCCCN1CCCC1,8.22,EHMT2,CHEMBL4130634
CHEMBL1829294,CCN1CCCN(c2nc(NC3CCN(C(C)C)CC3)c3cc(OC)c(OCCCN4CCCC4)cc3n2)CC1,8.3,EHMT2,CHEMBL1828613
CHEMBL3109637,COc1cc2c(cc1OCCCN1CC[C@@H](F)C1)N=C(N)C21CCC1,8.43,EHMT2,CHEMBL3108684
CHEMBL2441078,COc1cc2c(NC3CCN(C4CC4)CC3)nc(N3CCC(F)(F)CC3)nc2cc1OCCCN1CCCC1,8.52,EHMT2,CHEMBL2440019
CHEMBL3109639,COc1cc2c(cc1OCCCN1CCCC1)N=C(N)C2(C)C,9.05,EHMT2,CHEMBL3108684
CHEMBL3109630,COc1cc2c(cc1OCCCN1CCCC1)N=C(N)C21CCC1,8.52,EHMT2,CHEMBL4376809
CHEMBL4163329,COc1cc2c(NC3CCNCC3)cc(-c3ccc(C)o3)nc2cc1OCCCN1CCCC1,8.22,EHMT2,CHEMBL4130634
CHEMBL4163369,COc1cc2c(NC3CCN(C)CC3)cc(C)nc2cc1OCCCN1CCCC1,8.22,EHMT2,CHEMBL4130634
CHEMBL4170114,COc1cc2c(NC3CCN(C)CC3)cc(-c3ccc(C)o3)nc2cc1OCCCN1CCCC1,8.1,EHMT2,CHEMBL4190398
CHEMBL4173662,COc1cc2c(NC3CCN(C)CC3)cc(-c3ccoc3)nc2cc1OCCCN1CCCC1,8.15,EHMT2,CHEMBL4130634
CHEMBL4458252,COc1cc2c(cc1OCCCN1CCCC1)N=C(N)C21CCCC1,8.22,EHMT2,CHEMBL4321817
CHEMBL4756618,CNc1cc(C)nc(Nc2ccc(Cl)c(C3=CCNCCC3)c2)n1,8.2,EHMT2,CHEMBL4725338
CHEMBL576781,COc1cc2c(NC3CCN(C)CC3)nc(N3CCCN(C)CC3)nc2cc1OCCCN(C)C,8.59,EHMT2,CHEMBL2169811
CHEMBL4795328,CNc1cc(C)nc(Nc2ccc(OC(F)F)c(C3=CCNCCC3)c2)n1,8.49,EHMT2,CHEMBL4725338
CHEMBL1829295,COc1cc2c(NC3CCN(C(C)C)CC3)nc(N3CCCN(C(C)C)CC3)nc2cc1OCCCN1CCCC1,8.7,EHMT2,CHEMBL1828613
CHEMBL4287479,COc1cc2c(NC3CCN(C(C)C)CC3)nc(N3CCN(C)CC3)nc2cc1OCCCN1CCCCC1,8.4,EHMT2,CHEMBL4261502
CHEMBL4454542,COc1cc2c(cc1OCCCN1CCCC1)N=C(C1CCCCC1)CN=C2NC1CCN(C(C)C)CC1,8.44,EHMT2,CHEMBL4400539
CHEMBL3681419,Cc1onc(-c2ccc(F)cc2)c1COc1ccc(C(=O)N2CCS(=O)(=O)CC2)cn1,8.33,GABRA5,CHEMBL4402545
CHEMBL407,CCOC(=O)c1ncn2c1CN(C)C(=O)c1cc(F)ccc1-2,9.3,GABRA5,CHEMBL1157475
CHEMBL3144739,COc1ccc(-n2[nH]c3c(cnc4ccccc43)c2=O)cc1,8.3,GABRA5,CHEMBL1157475
CHEMBL454865,CCOC(=O)C1=NCN2c3ccc(CC)cc3C(=O)N(C)CC12,8.82,GABRA5,CHEMBL1157475
CHEMBL373250,Cn1ncnc1COc1nn2c(-c3cc(F)ccc3F)nnc2cc1C(C)(C)C,8.64,GABRA5,CHEMBL2321869
CHEMBL1080588,FC(F)c1ncn2c1Cn1ncnc1-c1cc(Br)ccc1-2,8.34,GABRA5,CHEMBL4402545
CHEMBL204696,CC(C)(O)c1cnn2c(-c3ccc(F)c(-c4c(F)cccc4C#N)c3)cnc2n1,8.96,GABRA5,CHEMBL4402545
CHEMBL13280,CN1C(=O)CN=C(c2ccccc2F)c2cc([N+](=O)[O-])ccc21,8.52,GABRA5,CHEMBL1157475
CHEMBL415290,CCOC(=O)c1ncn2c1CN(C)C(=O)c1cc(Cl)ccc1-2,9.07,GABRA5,CHEMBL1157475
CHEMBL458147,Cn1c(=O)c2cc(Cl)ccc2n2cnc(C(=O)OC(C)(C)C)c12,9.19,GABRA5,CHEMBL1157475
CHEMBL85861,CCOC(=O)c1[nH]cc2nc3cc(OC)c(OC)cc3c-2c1CC,9,GABRA5,CHEMBL1157475
CHEMBL6597,CCOC(=O)c1ncn2c1CN(C)C(=O)c1cc(N=[N+]=[N-])ccc1-2,8.51,GABRA5,CHEMBL1152298
CHEMBL1077391,Clc1ccc2c(c1)-c1ncnn1Cc1c(Cl)ncn1-2,8.7,GABRA5,CHEMBL4402545
CHEMBL363211,Cc1cc(-c2nncc3c(C(C)(C)C)c(OCc4ncnn4C)nn23)no1,8.85,GABRA5,CHEMBL4402545
CHEMBL518197,CCOC(=O)c1ncn2c1C1CCCN1C(=O)c1cc(C#C[Si](C)(C)C)ccc1-2,8.4,GABRA5,CHEMBL1157475
CHEMBL130416,CCOC(=O)c1ncn2c1[C@@H]1CCN1C(=O)c1cc(C#C[Si](C)(C)C)ccc1-2,8.59,GABRA5,CHEMBL1157475
CHEMBL306422,Cc1cc(-c2nnc3c4ccccc4c(OCc4cn(C)nn4)nn23)no1,9.18,GABRA5,CHEMBL4402545
CHEMBL52030,CCOC(=O)c1ncn2c1[C@@H]1CCCN1C(=O)c1cc(OC)ccc1-2,9.35,GABRA5,CHEMBL2321869
CHEMBL646,Cc1nnc2n1-c1ccc(Cl)cc1C(c1ccccc1Cl)=NC2,8.4,GABRA5,CHEMBL1157475
CHEMBL73416,CCCC(=O)N(C)Cc1c(-c2ccc(Cl)cc2)nc2ccccn12,8.57,GABRA5,CHEMBL1130521
CHEMBL217083,O=C(CCCCCCOc1ccc2ccccc2c1)NO,9.05,HDAC1,CHEMBL1137596
CHEMBL3828482,CCn1c(CN(C)c2ncc(C(=O)NO)cn2)nc2c(N3CCOCC3)nc(-c3cnc(N)nc3)nc21,8.58,HDAC1,CHEMBL3826921
CHEMBL3828636,CN(Cc1nc2c(N3CCOCC3)nc(-c3cccnc3)nc2n1C)c1ncc(C(=O)NO)cn1,9.31,HDAC1,CHEMBL3826921
CHEMBL4080164,Cc1[nH]c2ccccc2c1CCNCc1cccc(/C=C/C(=O)NO)c1.Cl,8.97,HDAC1,CHEMBL4020709
CHEMBL3339020,O=C(CCCCCCC(=O)Nc1cc2c(Nc3cccc(Cl)c3)ncnc2s1)NO,8.49,HDAC1,CHEMBL3351302
CHEMBL1630208,Nc1cccc(-c2csc(NC(=O)CCCCCC(=O)NO)n2)c1,8.42,HDAC1,CHEMBL4400533
CHEMBL1213492,CCN(CC)Cc1ccc2cc(COC(=O)Nc3ccc(C(=O)NO)cc3)ccc2c1,8.7,HDAC1,CHEMBL1212811
CHEMBL4649511,O=C(CCCCCCCNc1nc2cc(C(=O)O)ccc2c2cnccc12)NO.O=C(O)C(F)(F)F,8.48,HDAC1,CHEMBL4610108
CHEMBL4742243,O=C(CCCCCCn1cnc2c(N3CCOCC3)nc(-c3ccc4cn[nH]c4c3)nc21)NO,8.85,HDAC1,CHEMBL4706478
CHEMBL470421,CP(=O)(Cc1ccc(C(=O)Nc2cc(-c3cccs3)ccc2N)cc1)OCc1cccnc1,8.46,HDAC1,CHEMBL1153943
CHEMBL1796689,CC(C)[C@H]1NC(=O)[C@]2(C)CSC(=N2)c2csc(n2)CNC(=O)C[C@@H](/C=C/CCS)OC1=O,9.4,HDAC1,CHEMBL3352121
CHEMBL4550526,CC(C)(C)OC(=O)Nc1cccc(-c2csc(NC(=O)CCCCCC(=O)NO)n2)c1,8.38,HDAC1,CHEMBL4400533
CHEMBL4788954,COc1ccc(-c2ccc3c(NC(=O)CCCCCCC(=O)NO)n[nH]c3c2)cc1,8.57,HDAC1,CHEMBL4765277
CHEMBL99216,O=C(CCCCCCC(=O)c1ccc(N2CCN(c3ccccc3)CC2)cc1)NO,8.35,HDAC1,CHEMBL1135489
CHEMBL4632614,CCC(=O)CCCCC[C@H](NC(=O)[C@H]1CC12CCCN(C)C2)c1ncc(-c2cc3ccccc3nc2OC)[nH]1,8.43,HDAC1,CHEMBL4622849
CHEMBL1819272,O=C(/C=C/c1ccc(CNCCc2c(-c3ccccc3)nn3ccccc23)cc1)NO,8.7,HDAC1,CHEMBL1817582
CHEMBL4856764,Nc1ccc(-c2cccs2)cc1NC(=O)c1ccc2c(c1)CC(=O)N2CCCN1CCOCC1,9,HDAC1,CHEMBL4828773
CHEMBL4746359,CC(C)[C@H]1NC(=O)C[C@H]2/C=C/CCSSC[C@@H](NC1=O)C(=O)N[C@H](Cc1ccccc1)C(=O)NCC(=O)O2,9.27,HDAC1,CHEMBL4715745
CHEMBL4641343,CCC(=O)CCCCC[C@H](NC(=O)C1CC2(C1)CN(C)C2)c1ncc(-c2cc3ccccc3nc2OC)[nH]1,9,HDAC1,CHEMBL4622849
CHEMBL3827004,CN(Cc1nc2c(N3CCOCC3)nc(-c3cncnc3)nc2n1C)c1ncc(C(=O)NO)cn1,8.94,HDAC1,CHEMBL3826921
CHEMBL4525269,O=c1[nH]cnc2c(-n3cc(C4CCN(CC5CCC5)CC4)cn3)nccc12,7.58,KDM4A,CHEMBL4350996
CHEMBL4204694,CC[C@H](C)[C@@H]1NC(=O)CNC(=O)[C@H](CO)NC(=O)[C@H](CCCNC(=N)N)NC(=O)[C@H](CCCNC(=N)N)NC(=O)[C@H](Cc2ccccc2)NC(=O)[C@H](CCCNC(=N)N)NC(=O)[C@H]([C@H](C)O)NC(=O)[C@@H](Cc2ccc(O)cc2)NC(=O)CSC[C@@H](C(N)=O)NC(=O)[C@H](Cc2ccc(O)cc2)NC(=O)[C@H](Cc2ccc(O)cc2)NC(=O)[C@H](Cc2ccccc2)NC(=O)[C@H](C(C)C)NC1=O,8.59,KDM4A,CHEMBL4184250
CHEMBL4203936,CC(C)[C@@H]1NC(=O)[C@@H](Cc2ccc(O)cc2)NC(=O)CSC[C@@H](C(N)=O)NC(=O)[C@H](Cc2c[nH]c3ccccc23)NC(=O)[C@H](Cc2ccc(O)cc2)NC(=O)[C@H](Cc2c[nH]c3ccccc23)NC(=O)[C@H](CCCNC(=N)N)NC(=O)[C@H](Cc2c[nH]c3ccccc23)NC(=O)CNC(=O)[C@H](CO)NC(=O)[C@H](CCCNC(=N)N)NC(=O)[C@H]([C@@H](C)O)NC(=O)[C@H](CC(N)=O)NC(=O)[C@H](Cc2ccc(O)cc2)NC1=O,7.53,KDM4A,CHEMBL4184250
CHEMBL4449500,O=c1[nH]cnc2c(-n3cc(CCN4CCC5(CCc6ccccc65)CC4)cn3)nccc12,8.4,KDM4A,CHEMBL4350996
CHEMBL4218774,CC[C@H](C)[C@@H]1NC(=O)[C@H](CCCNC(=N)N)NC(=O)[C@H]([C@@H](C)CC)NC(=O)[C@H](Cc2ccc(O)cc2)NC(=O)CSC[C@@H](C(N)=O)N(C)C(=O)[C@H](Cc2c[nH]c3ccccc23)NC(=O)[C@H](CC(C)C)NC(=O)[C@H](Cc2c[nH]c3ccccc23)NC(=O)CNC(=O)[C@H](CO)NC(=O)[C@H](CCCNC(=N)N)NC(=O)[C@H](CCCNC(=N)N)NC1=O,8.08,KDM4A,CHEMBL4184250
CHEMBL4218675,CC[C@H](C)[C@@H]1NC(=O)[C@H](CCCNC(=N)N)NC(=O)[C@H]([C@@H](C)CC)NC(=O)[C@H](Cc2ccc(O)cc2)NC(=O)CSC[C@@H](C(N)=O)NC(=O)[C@H](Cc2c[nH]c3ccccc23)NC(=O)[C@H](CC(C)C)NC(=O)[C@H](Cc2c[nH]c3ccccc23)NC(=O)CNC(=O)[C@H](CO)NC(=O)[C@H](CCCNC(=N)N)NC(=O)[C@H](CCCNC(=N)N)NC1=O,7.64,KDM4A,CHEMBL4184250
CHEMBL4585876,CN(C)CCc1ccc(C2CCN(CCc3cnn(-c4nccc5c(=O)[nH]cnc45)c3)CC2)cc1,8.4,KDM4A,CHEMBL4350996
CHEMBL4206582,CC[C@H](C)[C@@H]1NC(=O)[C@H](CCCNC(=N)N)NC(=O)[C@@H]2CCCN2C(=O)[C@H](Cc2ccc(O)cc2)NC(=O)CSC[C@@H](C(N)=O)NC(=O)[C@H](Cc2c[nH]c3ccccc23)NC(=O)[C@H](CCCNC(=N)N)NC(=O)[C@H]([C@@H](C)CC)NC(=O)[C@@H](C)NC(=O)[C@H](CO)NC(=O)[C@H](CCCNC(=N)N)NC(=O)[C@H](CCCNC(=N)N)NC1=O,7.85,KDM4A,CHEMBL4184250
CHEMBL4205285,CC[C@H](C)[C@@H]1NC(=O)[C@H](CCCNC(=N)N)NC(=O)[C@H]([C@@H](C)CC)NC(=O)[C@H](Cc2ccc(O)cc2)NC(=O)CSC[C@@H](C(N)=O)NC(=O)[C@H](Cc2c[nH]c3ccccc23)NC(=O)[C@H](CC(C)C)NC(=O)[C@H](Cc2c[nH]c3ccccc23)NC(=O)[C@@H](C)NC(=O)[C@H](CO)NC(=O)[C@H](CCCNC(=N)N)NC(=O)[C@H](CCCNC(=N)N)NC1=O,8.51,KDM4A,CHEMBL4184250
CHEMBL3774537,O=c1[nH]cnc2c(-n3cc(CCN4CCC(c5cccc(Cl)c5)CC4)cn3)nccc12,8.52,KDM4A,CHEMBL4350996
CHEMBL4205183,CC[C@H](C)[C@@H]1NC(=O)[C@H](Cc2c[nH]c3ccccc23)NC(=O)CNC(=O)[C@H](CO)NC(=O)[C@H](CCCNC(=N)N)NC(=O)[C@H](C(C)C)NC(=O)[C@H](C(C)C)NC(=O)[C@H](CCCNC(=N)N)NC(=O)[C@H]([C@@H](C)CC)NC(=O)[C@@H](Cc2ccc(O)cc2)NC(=O)CSC[C@@H](C(N)=O)NC(=O)[C@H](Cc2c[nH]c3ccccc23)NC1=O,8.43,KDM4A,CHEMBL4184250
CHEMBL4206181,CC[C@H](C)[C@@H]1NC(=O)[C@H](CCCNC(=N)N)NC(=O)[C@H]([C@@H](C)CC)NC(=O)[C@H](Cc2ccc(O)cc2)NC(=O)CSC[C@@H](C(N)=O)NC(=O)[C@H](Cc2c[nH]c3ccccc23)NC(=O)[C@H](C(C)C)NC(=O)[C@H](Cc2c[nH]c3ccccc23)NC(=O)CNC(=O)[C@H](CO)NC(=O)[C@H](CCCNC(=N)N)NC(=O)[C@H](CO)NC1=O,7.8,KDM4A,CHEMBL4184250
CHEMBL4573390,CC1(c2cccc(Cl)c2)CCN(CCc2cnn(-c3nccc4c(=O)[nH]cnc34)c2)CC1,8.3,KDM4A,CHEMBL4350996
CHEMBL4447515,O=c1[nH]cnc2c(-n3cc(CCN4CCC(c5cccc(F)c5)CC4)cn3)nccc12,8.4,KDM4A,CHEMBL4350996
CHEMBL4211201,CC[C@H](C)[C@@H]1NC(=O)[C@H](CO)NC(=O)[C@@H]2CCCN2C(=O)[C@H](Cc2ccc(O)cc2)NC(=O)CSC[C@@H](C(N)=O)NC(=O)[C@H](Cc2c[nH]c3ccccc23)NC(=O)[C@H]([C@@H](C)CC)NC(=O)[C@H](Cc2c[nH]c3ccccc23)NC(=O)CNC(=O)[C@H](CO)NC(=O)[C@H](CCCNC(=N)N)NC(=O)[C@H](CCCCN)NC1=O,7.68,KDM4A,CHEMBL4184250
CHEMBL4208111,CC[C@H](C)[C@@H]1NC(=O)CNC(=O)[C@H](CO)NC(=O)[C@H](CCCNC(=N)N)NC(=O)[C@H](CCCNC(=N)N)NC(=O)[C@H]([C@@H](C)CC)NC(=O)[C@H](CCCNC(=N)N)NC(=O)[C@@H]2CCCN2C(=O)[C@H](Cc2ccc(O)cc2)NC(=O)CSC[C@@H](C(N)=O)N(C)C(=O)[C@H](Cc2c[nH]c3ccccc23)NC(=O)[C@H](CCCNC(=N)N)NC1=O,8.05,KDM4A,CHEMBL4184250
CHEMBL4567766,O=c1[nH]cnc2c(-n3cc(CCN4CCC(c5cccc(-c6cccnc6)c5)CC4)cn3)nccc12,8.52,KDM4A,CHEMBL4350996
CHEMBL4438830,CN(C)CCc1cccc(C2CCN(CCc3cnn(-c4nccc5c(=O)[nH]cnc45)c3)CC2)c1,8.7,KDM4A,CHEMBL4350996
CHEMBL4215000,CC[C@H](C)[C@@H]1NC(=O)[C@H](CCCNC(=N)N)NC(=O)[C@H]([C@@H](C)CC)N(C)C(=O)[C@H](Cc2ccc(O)cc2)NC(=O)CSC[C@@H](C(N)=O)N(C)C(=O)[C@H](Cc2c[nH]c3ccccc23)NC(=O)[C@H](CC(C)C)NC(=O)[C@H](Cc2c[nH]c3ccccc23)NC(=O)[C@@H](C)NC(=O)[C@H](CO)NC(=O)[C@H](CCCNC(=N)N)NC(=O)[C@H](CCCNC(=N)N)NC1=O,7.77,KDM4A,CHEMBL4184250
CHEMBL4209038,CC[C@H](C)[C@@H]1NC(=O)[C@H](CCCNC(=N)N)NC(=O)[C@H]([C@@H](C)CC)N(C)C(=O)[C@H](Cc2ccc(O)cc2)NC(=O)CSC[C@@H](C(N)=O)NC(=O)[C@H](Cc2c[nH]c3ccccc23)NC(=O)[C@H](CC(C)C)NC(=O)[C@H](Cc2c[nH]c3ccccc23)NC(=O)CNC(=O)[C@H](CO)NC(=O)[C@H](CCCNC(=N)N)NC(=O)[C@H](CCCNC(=N)N)NC1=O,7.96,KDM4A,CHEMBL4184250
CHEMBL2408790,COc1cccc(F)c1CN1CCC[C@@H](NC(=O)Nc2cc3[nH]nc(-c4ccnc(C)c4)c3cn2)C1,9.54,MAPK1,CHEMBL2406935
CHEMBL3409589,O=c1cc(-c2ccnc(NC3CCOCC3)n2)ccn1[C@H](CO)c1ccc(F)c(Cl)c1,9.52,MAPK1,CHEMBL3407455
CHEMBL3409407,O=c1cc(-c2ccnc(NC3CCOCC3)n2)ccn1Cc1cccc(Cl)c1,9.4,MAPK1,CHEMBL3407455
CHEMBL3654680,C[C@@H](NC(=O)Nc1cc2[nH]nc(-c3cnn(C)c3)c2cn1)c1ccccc1,9.52,MAPK1,CHEMBL4425122
CHEMBL3409573,O=c1cc(-c2ccnc(NC3CCOCC3)n2)ccn1C(CO)c1ccc(Cl)cc1,10,MAPK1,CHEMBL3407455
CHEMBL3608586,O=C1c2cc(-c3ccnc(N[C@@H]4[C@H]5COC[C@H]54)n3)cn2CCCN1[C@H](CO)c1cccc(Cl)c1,10.59,MAPK1,CHEMBL3608240
CHEMBL3544964,Cn1nccc1Nc1nccc(-c2ccn([C@H](CO)c3ccc(Cl)c(F)c3)c(=O)c2)n1,9.52,MAPK1,CHEMBL3616393
CHEMBL3409603,O=c1cc(-c2ccnc(NC3COC3)n2)ccn1[C@H](CO)c1ccc(Cl)c(F)c1,9.4,MAPK1,CHEMBL3407455
CHEMBL4587118,Cc1cnc(Nc2ccnn2C)nc1-c1cc2n(c1)CCN(Cc1ccc(F)c(F)c1)C2=O,9.46,MAPK1,CHEMBL4321846
CHEMBL3604851,O=c1cc(N2CCc3[nH]nc(-c4ccncc4)c3C2)ccn1Cc1cccc(Br)c1,9.7,MAPK1,CHEMBL3603749
CHEMBL3608462,O=C1c2cc(-c3ccnc(NC4CCOCC4)n3)cn2CCCN1[C@H](CO)c1ccccc1,10.48,MAPK1,CHEMBL3608240
CHEMBL3409585,O=c1cc(-c2ccnc(NC3CCOCC3)n2)ccn1C(CO)c1cc(F)cc(Cl)c1,10,MAPK1,CHEMBL3407455
CHEMBL3654682,Cc1cc(-c2n[nH]c3cc(NC(=O)N[C@H](C)c4ccccc4)ncc23)cc(C)n1,9.52,MAPK1,CHEMBL4425122
CHEMBL3409581,O=c1cc(-c2ccnc(NC3CCOCC3)n2)ccn1C(CO)c1ccc(Cl)c(F)c1,9.4,MAPK1,CHEMBL3407455
CHEMBL3409586,O=c1cc(-c2ccnc(NC3CCOCC3)n2)ccn1[C@H](CO)c1cccc(Cl)c1,9.52,MAPK1,CHEMBL3407455
CHEMBL3409572,O=c1cc(-c2ccnc(NC3CCOCC3)n2)ccn1C(CO)c1ccccc1Cl,9.4,MAPK1,CHEMBL3407455
CHEMBL4068705,Cc1cccc(CN2CCc3[nH]c(-c4ccnc(NC5CCOCC5)n4)cc3C2=O)n1,9.33,MAPK1,CHEMBL4049432
CHEMBL3590107,O=C(Nc1ccc2[nH]nc(-c3ccncc3)c2c1)[C@@H]1CCN(CC(=O)N2CCN(c3ccc(-c4ncccn4)cc3)CC2)C1,10.3,MAPK1,CHEMBL4321846
CHEMBL4470113,Cc1cnc(Nc2ccnn2C)nc1-c1cc2n(c1)CCN(Cc1cccc(Cl)c1)C2=O,9.89,MAPK1,CHEMBL4321846
CHEMBL3409582,O=c1cc(-c2ccnc(NC3CCOCC3)n2)ccn1C(CO)c1ccc(F)c(Cl)c1,9.52,MAPK1,CHEMBL3407455
CHEMBL1945801,CN(C)CCCc1cc(Nc2ncc3c(n2)-c2ccc(Cl)cc2NC(=S)C3)ccc1C(F)(F)F,9,PLK1,CHEMBL1944579
CHEMBL1208958,C[C@@H](Oc1cc(-n2cnc3cc(-c4ccnc(N5CCN(C)CC5)c4)ccc32)sc1C(N)=O)c1ccccc1Cl,8.7,PLK1,CHEMBL1208730
CHEMBL1945501,CN(C)CCCc1cc(Nc2ncc3c(n2)-c2ccc(Cl)cc2NC(=S)C3)ccc1F,8.7,PLK1,CHEMBL1944579
CHEMBL1209677,C[C@@H](Oc1cc(-n2cnc3ccc(-c4cccnc4)cc32)sc1C(N)=O)c1ccccc1C(F)(F)F,8.7,PLK1,CHEMBL1208730
CHEMBL1208893,C[C@@H](Oc1cc(-n2cnc3cc(-c4cnc(N)nc4)ccc32)sc1C(N)=O)c1ccccc1C(F)(F)F,9,PLK1,CHEMBL1208730
CHEMBL4088932,CC[C@@H]1c2c(C#N)ncn2-c2cnc(Nc3cc(F)c(C(=O)NC4CN(C)C4)cc3OC)nc2N1C(C)C,8.77,PLK1,CHEMBL3994646
CHEMBL4790038,COC(=O)c1ccccc1Nc1nc(Nc2ccc(N3CCC(N(C)C)CC3)cc2OC)ncc1[N+](=O)[O-],9.24,PLK1,CHEMBL4765429
CHEMBL474432,COc1cc2ncn(-c3cc(OCc4ccccc4C(F)(F)F)c(C(=O)O)s3)c2cc1OC,8.7,PLK1,CHEMBL1143265
CHEMBL1208963,C[C@@H](Oc1cc(-n2cnc3cc(-c4ccnc(NCCO)c4)ccc32)sc1C(N)=O)c1ccccc1Cl,9,PLK1,CHEMBL1208730
CHEMBL1209016,C[C@@H](Oc1cc(-n2cnc3cc(-c4cnn(CCN5CCN(C)CC5)c4)ccc32)sc1C(N)=O)c1ccccc1Cl,9,PLK1,CHEMBL1208730
CHEMBL4784741,COC(=O)c1sccc1Nc1nc(Nc2ccc(N3CCC(N(C)C)CC3)cc2OC)ncc1C#N,8.57,PLK1,CHEMBL4765429
CHEMBL1208964,C[C@@H](Oc1cc(-n2cnc3cc(-c4ccnc(NC5CCN(C)CC5)c4)ccc32)sc1C(N)=O)c1ccccc1Cl,9,PLK1,CHEMBL1208730
CHEMBL522709,COc1ccc2ncn(-c3cc(O[C@H](C)c4ccccc4C(F)(F)F)c(C(N)=O)s3)c2c1,8.52,PLK1,CHEMBL1153318
CHEMBL1964263,C[C@@H](Oc1cc(-n2cnc3ccc(OC4CCNCC4)cc32)sc1C(N)=O)c1ccccc1C(F)(F)F,8.52,PLK1,CHEMBL1153318
CHEMBL1208835,C[C@@H](Oc1cc(-n2cnc3cc(-c4ccnc(N)c4)ccc32)sc1C(N)=O)c1ccccc1C(F)(F)F,9,PLK1,CHEMBL1208730
CHEMBL1945172,CN(C)CCCc1ccc(Cl)c(Nc2ncc3c(n2)-c2ccc(Cl)cc2NC(=S)C3)c1,9,PLK1,CHEMBL1944579
CHEMBL1208965,C[C@@H](Oc1cc(-n2cnc3cc(-c4ccc(NC5CCN(C)CC5)nc4)ccc32)sc1C(N)=O)c1ccccc1Cl,8.7,PLK1,CHEMBL1208730
CHEMBL4063398,CC[C@@H]1c2c(C(N)=O)ncn2-c2cnc(Nc3ccc(C(=O)NC4CCN(C)CC4)cc3OC)nc2N1C1CCCC1,8.7,PLK1,CHEMBL3994646
CHEMBL2392544,C=C[C@@]1(F)CN(C2CCCC2)c2nc(Nc3ccc(C(=O)NN4CCN(C)CC4)cc3OC)ncc2N(C)C1=O,8.52,PLK1,CHEMBL2390946
CHEMBL1208959,C[C@@H](Oc1cc(-n2cnc3cc(-c4ccnc(N5CCN(C)CC5)c4)ccc32)sc1C(N)=O)c1ccccc1C(F)(F)F,8.52,PLK1,CHEMBL1208730
CHEMBL4206499,Cl.N[C@@H]1CCC=C(c2ccc(F)cc2)[C@H]1COc1cc(F)c(S(=O)(=O)Nc2nccs2)cc1Cl,8.7,SCN9A,CHEMBL4177611
CHEMBL2325605,Nc1cc(-c2cc(OC(F)(F)F)ccc2Oc2cc(F)c(S(=O)(=O)Nc3ncns3)cc2Cl)ccn1,8.77,SCN9A,CHEMBL2321810
CHEMBL4208664,NCc1cc(-c2cc(-c3cccc(C(F)(F)F)c3)ccc2Oc2cc(F)c(S(=O)(=O)Nc3nncs3)cc2Cl)ccn1,8.82,SCN9A,CHEMBL4177603
CHEMBL3318134,CSCC[C@@H]1NC(=O)CNC(=O)[C@H](CCC(=O)O)NC(=O)[C@@H]2CSSC[C@H](NC(=O)[C@@H](N)Cc3ccc(O)cc3)C(=O)N[C@@H](CCC(N)=O)C(=O)N[C@@H](CCCCN)C(=O)N[C@@H](Cc3c[nH]c4ccccc34)C(=O)N[C@@H](CCSC)C(=O)N[C@@H](Cc3c[nH]c4ccccc34)C(=O)N[C@@H]([C@@H](C)O)C(=O)N[C@H]3CSSC[C@H](NC(=O)[C@H](C(C)C)NC1=O)C(=O)N[C@@H](CCCNC(=N)N)C(=O)N[C@@H](CC(C)C)C(=O)N[C@@H](Cc1c[nH]c4ccccc14)C(=O)N[C@H](C(=O)N[C@@H](CCCCN)C(=O)N[C@@H](CCCCN)C(=O)N[C@@H](CCCCN)C(=O)N[C@@H](CC(C)C)C(=O)N[C@@H](Cc1c[nH]c4ccccc14)C(=O)O)CSSC[C@H](NC(=O)[C@H](CCCCN)NC(=O)[C@H](CCCNC(=N)N)NC(=O)[C@H](C)NC(=O)[C@H](CO)NC(=O)[C@H](CC(=O)O)NC3=O)C(=O)N2,9.7,SCN9A,CHEMBL3351726
CHEMBL3897016,COc1cc(OC)cc(-c2cc(OC)c(-n3c4c(ccc3=O)CN(S(=O)(=O)Nc3ccon3)CC4)cc2F)c1,8.49,SCN9A,CHEMBL3877333
CHEMBL2325332,N#Cc1cc(S(=O)(=O)Nc2ncns2)ccc1Oc1cc(F)c(C(F)(F)F)cc1-c1ccnnc1,8.42,SCN9A,CHEMBL2321810
CHEMBL3798460,CC[C@H](C)[C@@H]1NC(=O)[C@@H]2CSSC[C@@H]3NC(=O)[C@H](C(C)C)NC(=O)[C@H](CC(C)C)NC(=O)[C@H](CC(N)=O)NC(=O)[C@@H]4CCCN4C(=O)[C@H](CCCNC(=N)N)NC(=O)[C@H](CSSC[C@H](NC(=O)[C@@H](N)CC(=O)O)C(=O)N[C@@H](CC(C)C)C(=O)NCC(=O)N[C@@H](Cc4ccccc4)C(=O)N[C@@H](CCSC)C(=O)N[C@@H](CCCNC(=N)N)C(=O)N[C@@H](CCCCN)C(=O)N2)NC(=O)[C@H](CSSC[C@@H](C(=O)N[C@@H](CCCCN)C(=O)N[C@@H](Cc2ccc(O)cc2)C(=O)N[C@H](C(=O)N[C@@H](Cc2ccccc2)C(N)=O)C(C)C)NC(=O)[C@H](Cc2c[nH]c4ccccc24)NC(=O)[C@H](CCC(N)=O)NC(=O)[C@H](Cc2cnc[nH]2)NC(=O)[C@H]([C@@H](C)O)NC(=O)[C@H](CCCNC(=N)N)NC(=O)[C@H](CO)NC3=O)NC(=O)[C@H](CCCCN)NC(=O)[C@H](CC(=O)O)NC(=O)[C@H](CC(N)=O)NC(=O)[C@H](CC(=O)O)NC(=O)[C@@H]2CCCN2C1=O,8.4,SCN9A,CHEMBL3797186
CHEMBL3417041,CC[C@H](C)[C@@H]1NC(=O)[C@@H]2CSSC[C@@H]3NC(=O)[C@H](C(C)C)NC(=O)[C@H](CC(C)C)NC(=O)[C@H](CC(N)=O)NC(=O)[C@@H]4CCCN4C(=O)[C@H](CCCNC(=N)N)NC(=O)[C@H](CSSC[C@H](NC(=O)[C@@H](N)CC(=O)O)C(=O)N[C@@H](CC(C)C)C(=O)NCC(=O)N[C@@H](C)C(=O)N[C@@H](Cc4ccccc4)C(=O)N[C@@H](CCCNC(=N)N)C(=O)N[C@@H](CCCCN)C(=O)N2)NC(=O)[C@H](CSSC[C@@H](C(=O)N[C@@H](CCCCN)C(=O)N[C@@H](Cc2ccc(O)cc2)C(=O)N[C@H](C(=O)N[C@@H](Cc2ccccc2)C(N)=O)C(C)C)NC(=O)[C@H](Cc2c[nH]c4ccccc24)NC(=O)[C@H](CCCNC(=N)N)NC(=O)[C@H](Cc2cnc[nH]2)NC(=O)[C@H](CC(C)C)NC(=O)[C@H](CCCNC(=N)N)NC(=O)[C@H](CO)NC3=O)NC(=O)[C@H](CCCCN)NC(=O)[C@H](CC(=O)O)NC(=O)[C@H](CC(N)=O)NC(=O)[C@H](CC(=O)O)NC(=O)[C@@H]2CCCN2C1=O,8.8,SCN9A,CHEMBL3414527
CHEMBL4285790,CS(=O)(=O)Nc1nnc2cc(COc3cc(Cl)cc(Cl)c3)c(C3CC3)cn12,9,SCN9A,CHEMBL4251746
CHEMBL4167083,C#CC[C@H](NC(=O)[C@@H](N)CCC(=O)O)C(=O)N[C@H]1CSSC[C@@H]2NC(=O)[C@@H]3CSSC[C@@H](C(=O)N[C@@H](CCCNC(=N)N)C(=O)N[C@@H](CCCCN)C(=O)N[C@@H](CCC(=O)O)C(=O)N[C@H](C(N)=O)[C@@H](C)CC)NC(=O)[C@H](Cc4c[nH]c5ccc(Br)cc45)NC(=O)[C@H](CC(C)C)NC(=O)[C@H](CCCCN)NC(=O)[C@H](CSSC[C@H](NC(=O)[C@H]([C@@H](C)O)NC(=O)[C@H](Cc4c[nH]c5ccccc45)NC(=O)[C@H](CCCC)NC(=O)[C@H](Cc4c[nH]c5ccccc45)NC(=O)[C@H](CCCCN)NC(=O)[C@H](CCC(N)=O)NC1=O)C(=O)N[C@@H](CC(=O)O)C(=O)N[C@@H](CO)C(=O)N[C@@H](CCCCN)C(=O)N[C@@H](CCCNC(=N)N)C(=O)N[C@@H](CCC(=O)O)C(=O)N3)NC(=O)[C@H](CCCNC(=N)N)NC(=O)[C@H](CC(C)C)NC(=O)CNC(=O)[C@H](CCC(=O)O)NC2=O,8.89,SCN9A,CHEMBL4152382
CHEMBL2325338,N#Cc1cc(S(=O)(=O)Nc2ncns2)ccc1Oc1ccc(Cl)cc1-c1ccnc(OC2CCC2)c1,8.39,SCN9A,CHEMBL2321810
CHEMBL2325616,Nc1cc(-c2cc(OC(F)(F)F)ccc2Oc2cc(F)c(S(=O)(=O)Nc3ncns3)cc2F)ccn1,8.62,SCN9A,CHEMBL2321810
CHEMBL4640134,Cn1nccc1-c1cc(C(F)(F)F)ccc1[C@H]1CCOc2cc(S(=O)(=O)Nc3cc(F)ccn3)ccc21,8.19,SCN9A,CHEMBL4627393
CHEMBL3325527,O=S(=O)(Nc1ncns1)c1cc(F)c(OC[C@H]2CNCC[C@@H]2c2ccc(F)c(F)c2)cc1F,8.59,SCN9A,CHEMBL3352194
CHEMBL2325342,N#Cc1cc(S(=O)(=O)Nc2ncns2)ccc1Oc1ccc(Cl)cc1-c1cccc(C(=O)NC2CC2)c1,8.36,SCN9A,CHEMBL2321810
CHEMBL4224739,CSCC[C@@H]1NC(=O)CNC(=O)[C@H](CCC(=O)O)NC(=O)[C@@H]2CSSC[C@H](NC(=O)[C@@H](N)Cc3ccc(O)cc3)C(=O)N[C@@H](CCC(N)=O)C(=O)N[C@@H](CCCCN)C(=O)N[C@@H](Cc3c[nH]c4ccccc34)C(=O)N[C@@H](CCSC)C(=O)N[C@@H](Cc3c[nH]c4ccccc34)C(=O)N[C@@H]([C@@H](C)O)C(=O)N[C@H]3CSSC[C@H](NC(=O)[C@H](C(C)C)NC1=O)C(=O)N[C@@H](CCCNC(=N)N)C(=O)N[C@@H](CC(C)C)C(=O)N[C@@H](Cc1c[nH]c4ccccc14)C(=O)N[C@H](C(=O)N[C@@H](CCCCN)C(=O)N[C@@H](CCCCN)C(=O)N[C@@H](CCCCN)C(=O)N[C@@H](CC(C)C)C(=O)N[C@@H](Cc1c[nH]c4ccccc14)C(=O)O)CSSC[C@H](NC(=O)[C@H](CCCCN)NC(=O)[C@H](CCCNC(=N)N)NC(=O)[C@H](CCC(=O)O)NC(=O)[C@H](CO)NC(=O)[C@H](CC(=O)O)NC3=O)C(=O)N2,9.52,SCN9A,CHEMBL4219045
CHEMBL2325305,O=S(=O)(Nc1cscn1)c1cc(Cl)c(Oc2ccc(Cl)cc2-c2ccnn2C2CNC2)cc1F,8.24,SCN9A,CHEMBL2321810
CHEMBL2325346,Cn1nccc1-c1cc(OC(F)(F)F)ccc1Oc1ccc(S(=O)(=O)Nc2ncns2)cc1C#N,8.34,SCN9A,CHEMBL2321810
CHEMBL3416926,CC[C@H](C)[C@@H]1NC(=O)[C@@H]2CSSC[C@@H]3NC(=O)[C@H](C(C)C)NC(=O)[C@H](CC(C)C)NC(=O)[C@H](CC(N)=O)NC(=O)[C@@H]4CCCN4C(=O)[C@H](CCCNC(=N)N)NC(=O)[C@H](CSSC[C@H](NC(=O)[C@@H](N)CC(=O)O)C(=O)N[C@@H](CC(C)C)C(=O)NCC(=O)N[C@@H](CC4CCCCC4)C(=O)N[C@@H](CCSC)C(=O)N[C@@H](CCCNC(=N)N)C(=O)N[C@@H](CCCCN)C(=O)N2)NC(=O)[C@H](CSSC[C@@H](C(=O)N[C@@H](CCCCN)C(=O)N[C@@H](Cc2ccc(O)cc2)C(=O)N[C@H](C(=O)N[C@@H](Cc2ccccc2)C(N)=O)C(C)C)NC(=O)[C@H](Cc2c[nH]c4ccccc24)NC(=O)[C@H](CCCCN)NC(=O)[C@H](Cc2cnc[nH]2)NC(=O)[C@H]([C@@H](C)O)NC(=O)[C@H](CCCNC(=N)N)NC(=O)[C@H](CO)NC3=O)NC(=O)[C@H](CCCCN)NC(=O)[C@H](CC(=O)O)NC(=O)[C@H](CC(N)=O)NC(=O)[C@H](CC(=O)O)NC(=O)[C@@H]2CCCN2C1=O,8.4,SCN9A,CHEMBL3414527
CHEMBL2325327,O=S(=O)(Nc1ncns1)c1ccc(Oc2ccc(C(F)(F)F)cc2-c2ccnnc2)c(Cl)c1,8.44,SCN9A,CHEMBL2321810
CHEMBL4535337,Cc1cc2c(C(=O)NCCC#N)cccc2n1-c1nc2c(c(NCc3ccccc3)n1)CCCC2,7.62,VCP,CHEMBL4400565
CHEMBL4580172,C=CC#CC(=O)Nc1cccc2c1cc(C)n2-c1nc2c(c(NCc3ccccc3)n1)CCCC2,7.5,VCP,CHEMBL4400565
CHEMBL3361185,O=C(O)[C@H]1CC[C@H](CNc2nc(Nc3ccccc3)cc(-c3ccccc3)n2)CC1,7.44,VCP,CHEMBL3352358
CHEMBL4543206,Cc1cc2c(C(=O)NCC#N)cccc2n1-c1nc2c(c(NCc3ccccc3)n1)CCCC2,7.55,VCP,CHEMBL4400565
CHEMBL4476693,[2H]C1([2H])C([2H])([2H])C([2H])([2H])C([2H])(Sc2ncc(COc3cc(F)c(C#CCOC(=O)NC4CCN(C)CC4)cc3F)n2-c2cccnc2)C1([2H])[2H],8.1,VCP,CHEMBL4354809
CHEMBL4461505,Cc1cc2c(NS(C)(=O)=O)cccc2n1-c1nc2c(c(NCc3ccccc3)n1)COCC2,7.44,VCP,CHEMBL4330115
CHEMBL2315430,NC(=O)c1ccc(-c2ccc(OCc3nnc(SC4CCCC4)n3-c3cccnc3)cc2)cc1,7.39,VCP,CHEMBL2311412
CHEMBL3361184,O=C(O)[C@H]1CC[C@H](CNc2nc(NCc3ccccc3)cc(-c3ccccc3)n2)CC1,7.57,VCP,CHEMBL3352358
CHEMBL3747049,Cc1cc2c(C(N)=O)cccc2n1-c1nc2c(c(NCc3ccccc3)n1)CCOC2,7.64,VCP,CHEMBL3745611
CHEMBL4535642,CC#CCNC(=O)c1cccc2c1cc(C)n2-c1nc2c(c(NCc3ccccc3)n1)COCC2,7.37,VCP,CHEMBL4400565
CHEMBL4446356,CCCNC(=O)c1cccc2c1cc(C)n2-c1nc2c(c(NCc3ccccc3)n1)CCCC2,7.39,VCP,CHEMBL4400565
CHEMBL4451017,Cc1cc2c(NS(=O)(=O)C3CC3)cccc2n1-c1nc2c(c(NCc3ccccc3)n1)COCC2,7.46,VCP,CHEMBL4330115
CHEMBL4551165,CCCC#CC(=O)Nc1cccc2c1cc(C)n2-c1nc2c(c(NCc3ccccc3)n1)CCCC2,7.57,VCP,CHEMBL4400565
CHEMBL4280801,CN1CCN(C2(CNC3CCN(c4cccc(-c5cc6cc(F)ccc6[nH]5)c4)CC3)CCC2)CC1,7.7,VCP,CHEMBL4266055
CHEMBL2315422,Cc1cc(OCc2nnc(SC3CCCC3)n2-c2cccnc2)ccc1-c1ccc(S(N)(=O)=O)cc1,7.6,VCP,CHEMBL2311412
CHEMBL4558932,C#CC(=O)Nc1cccc2c1cc(C)n2-c1nc2c(c(NCc3ccccc3)n1)CCCC2,7.42,VCP,CHEMBL4400565
CHEMBL3746179,Cc1cc2c(-c3nnn[nH]3)cccc2n1-c1nc2c(c(NCc3ccccc3)n1)CNCC2,7.82,VCP,CHEMBL3745611
CHEMBL4453010,C=CC(=O)Nc1cccc2c1cc(C)n2-c1nc2c(c(NCc3ccccc3)n1)COCC2,7.58,VCP,CHEMBL4400565
CHEMBL3747647,Cc1cc2c(C(N)=O)cccc2n1-c1nc2c(c(NCc3ccccc3)n1)CNCC2,7.4,VCP,CHEMBL3745611
CHEMBL4438398,C#CC(=O)Nc1cccc2c1cc(C)n2-c1nc2c(c(NCc3ccccc3)n1)COCC2,7.48,VCP,CHEMBL4400565
CHEMBL4159525,C=C1/C(=C\C=C2/CCC[C@@]3(C)[C@H]2CC[C@@H]3[C@H](C)CC#C[C@@H](O)C23CC4CC(CC(C4)C2)C3)C[C@@H](O)C[C@@H]1O,10.05,VDR,CHEMBL4130637
CHEMBL4166076,C=C1[C@H](O)CC(=C/C=C2\CCC[C@@]3(C)[C@H]2CC[C@@H]3[C@H](C)CCC(=O)C#C/C=C/C)C[C@H]1O,8.72,VDR,CHEMBL4130631
CHEMBL3264161,C=C1[C@H](O)CC(=C/C=C2\CCC[C@@]3(C)[C@H]2CC[C@@H]3[C@H](C)[C@H](CC)CCO)C[C@H]1O,8.54,VDR,CHEMBL3259623
CHEMBL4068172,C=C1/C(=C\C=C2/CCC[C@]3(C)C(C(C)CCCC(C)(C)O)CC[C@@H]23)C[C@@H](O)C[C@@H]1O,8.95,VDR,CHEMBL3997830
CHEMBL3264164,C=C1[C@H](O)CC(=C/C=C2\CCC[C@@]3(C)[C@H]2CC[C@@H]3[C@H](C)[C@H](CCCC)CCCO)C[C@H]1O,9.05,VDR,CHEMBL3259623
CHEMBL2170202,C=C1[C@H](O)CC(=C/C=C2\CCC[C@@]3(C)[C@H]2CC[C@@H]3[C@H](C)/C=C/C[C@H](O)CC23CC4CC(CC(C4)C2)C3)C[C@H]1O,8.52,VDR,CHEMBL2169824
CHEMBL4202828,C=C1/C(=C\C=C(/CC)c2cccc(CCCCCC(C)(C)O)c2)C[C@@H](O)C[C@@H]1O,8.35,VDR,CHEMBL4184327
CHEMBL4209452,C=C1/C(=C\C=C(/CCCCCCC)c2cccc(CCCCCC(C)(C)O)c2)C[C@@H](O)C[C@@H]1O,8.46,VDR,CHEMBL4184327
CHEMBL3629552,C=C1[C@H](O)CC(=C/C=C2\CCC[C@@]3(C)[C@H]2CC[C@@H]3[C@H](C)[C@H](CCO)CCCCCC)C[C@H]1O,9.68,VDR,CHEMBL3627651
CHEMBL3264169,C=C1[C@H](O)CC(=C/C=C2\CCC[C@@]3(C)[C@H]2CC[C@@H]3[C@H](C)[C@H](CC)CC(O)(CC)CC)C[C@H]1O,8.81,VDR,CHEMBL3259623
CHEMBL2058273,C=C1[C@H](O)CC(=C/C=C2\CCC[C@@]3(C)[C@H]2CC[C@@H]3[C@H](C)[C@@H](CC)CC(O)(CC)CC)C[C@H]1O,9.42,VDR,CHEMBL2057157
CHEMBL4173602,C=C1/C(=C\C=C2/CCC[C@@]3(C)[C@H]2CC[C@@H]3[C@H](C)CC#C[C@H](O)C23CC4CC(CC(C4)C2)C3)C[C@@H](O)C[C@@H]1O,8.76,VDR,CHEMBL4130637
CHEMBL3264167,C=C1[C@H](O)CC(=C/C=C2\CCC[C@@]3(C)[C@H]2CC[C@@H]3[C@H](C)[C@H](CC)CCC(C)(C)O)C[C@H]1O,8.62,VDR,CHEMBL3259623
CHEMBL3264168,C=C1[C@H](O)CC(=C/C=C2\CCC[C@@]3(C)[C@H]2CC[C@@H]3[C@H](C)[C@H](CCCC)CC(O)(CC)CC)C[C@H]1O,8.75,VDR,CHEMBL3259623
CHEMBL846,C=C1/C(=C\C=C2/CCC[C@@]3(C)[C@H]2CC[C@@H]3[C@H](C)CCCC(C)(C)O)C[C@@H](O)C[C@@H]1O,10.4,VDR,CHEMBL4130631
CHEMBL3263871,C=C1[C@H](O)CC(=C/C=C2\CCC[C@@]3(C)[C@H]2CC[C@@H]3[C@H](C)CC#C[C@@H](O)C23CC4CC(CC(C4)C2)C3)C[C@H]1O,9.3,VDR,CHEMBL3259615
CHEMBL4202601,C=C1/C(=C\C=C(/CCC)c2cccc(CCCCCC(C)(C)O)c2)C[C@@H](O)C[C@@H]1O,8.25,VDR,CHEMBL4184327
CHEMBL3264160,C=C1[C@H](O)CC(=C/C=C2\CCC[C@@]3(C)[C@H]2CC[C@@H]3[C@H](C)[C@@H](CCO)CCCC)C[C@H]1O,9.59,VDR,CHEMBL3259623
CHEMBL3264162,C=C1[C@H](O)CC(=C/C=C2\CCC[C@@]3(C)[C@H]2CC[C@@H]3[C@H](C)[C@H](CCCC)CC(C)(C)O)C[C@H]1O,9.92,VDR,CHEMBL3259623
CHEMBL4176693,C=C1[C@H](O)CC(=C/C=C2\CCC[C@@]3(C)[C@H]2CC[C@@H]3[C@H](C)CCC(=O)/C=C/C)C[C@H]1O,8.74,VDR,CHEMBL4130631
