Drug_Name	SMILES
2-aminobenzenesulfonamide	C1=CC=C(C(=C1)N)S(=O)(=O)N
4,5-dianilinophthalimide	C1=CC=C(C=C1)NC2=C(C=C3C(=C2)C(=O)NC3=O)NC4=CC=CC=C4
6-benzylaminopurine	C1=CC=C(C=C1)CNC2=NC=NC3=C2NC=N3
acebutolol	CCCC(=O)NC1=CC(=C(C=C1)OCC(CNC(C)C)O)C(=O)C
aceclofenac	C1=CC=C(C(=C1)CC(=O)OCC(=O)O)NC2=C(C=CC=C2Cl)Cl
acemetacin	CC1=C(C2=C(N1C(=O)C3=CC=C(C=C3)Cl)C=CC(=C2)OC)CC(=O)OCC(=O)O
acenocoumarol	CC(=O)CC(C1=CC=C(C=C1)[N+](=O)[O-])C2=C(C3=CC=CC=C3OC2=O)O
acepromazine	CC(=O)C1=CC2=C(C=C1)SC3=CC=CC=C3N2CCCN(C)C
acetazolamide	CC(=O)NC1=NN=C(S1)S(=O)(=O)N
acetohexamide	CC(=O)C1=CC=C(C=C1)S(=O)(=O)NC(=O)NC2CCCCC2
adiphenine	CCN(CC)CCOC(=O)C(C1=CC=CC=C1)C2=CC=CC=C2
adipiodone	C1=C(C(=C(C(=C1I)NC(=O)CCCCC(=O)NC2=C(C=C(C(=C2I)C(=O)O)I)I)I)C(=O)O)I
adrenosterone	C[C@]12CCC(=O)C=C1CC[C@@H]3[C@@H]2C(=O)C[C@]4([C@H]3CCC4=O)C
albendazole	CCCSC1=CC2=C(C=C1)N=C(N2)NC(=O)OC
alclometasone	C[C@@H]1C[C@H]2[C@@H]3[C@@H](CC4=CC(=O)C=C[C@@]4([C@H]3[C@H](C[C@@]2([C@]1(C(=O)CO)O)C)O)C)Cl
alexidine	CCCCC(CC)CN=C(N)NC(=NCCCCCCN=C(N)NC(=NCC(CC)CCCC)N)N
alfadolone	CC(=O)OCC(=O)[C@H]1CC[C@@H]2[C@@]1(CC(=O)[C@H]3[C@H]2CC[C@@H]4[C@@]3(CC[C@H](C4)O)C)C
alfaxalone	CC(=O)[C@H]1CC[C@@H]2[C@@]1(CC(=O)[C@H]3[C@H]2CC[C@@H]4[C@@]3(CC[C@H](C4)O)C)C
alfuzosin	CN(CCCNC(=O)C1CCCO1)C2=NC3=CC(=C(C=C3C(=N2)N)OC)OC
alimemazine	CC(CN1C2=CC=CC=C2S(=O)(=O)C3=CC=CC=C31)CN(C)C
allantoin	C1(C(=O)NC(=O)N1)NC(=O)N
alpha-estradiol	C[C@]12CC[C@H]3[C@H]([C@@H]1CC[C@H]2O)CCC4=C3C=CC(=C4)O
alprenolol	CC(C)NCC(COC1=CC=CC=C1CC=C)O
altizide	C=CCSCC1NC2=CC(=C(C=C2S(=O)(=O)N1)S(=O)(=O)N)Cl
altretamine	CN(C)C1=NC(=NC(=N1)N(C)C)N(C)C
alverine	CCN(CCCC1=CC=CC=C1)CCCC2=CC=CC=C2
alvespimycin	C[C@H]1C[C@@H]([C@@H]([C@H](/C=C(/[C@@H]([C@H](/C=C\\C=C(\\C(=O)NC2=CC(=O)C(=C(C1)C2=O)NCCN(C)C)/C)OC)OC(=O)N)\\C)C)O)OC
amantadine	C1C2CC3CC1CC(C2)(C3)N
ambroxol	C1CC(CCC1NCC2=CC(=CC(=C2N)Br)Br)O
amikacin	C1[C@@H]([C@H]([C@@H]([C@H]([C@@H]1NC(=O)[C@H](CCN)O)O[C@@H]2[C@@H]([C@H]([C@@H]([C@H](O2)CO)O)N)O)O)O[C@@H]3[C@@H]([C@H]([C@@H]([C@H](O3)CN)O)O)O)N
amiloride	C1(=C(N=C(C(=N1)Cl)N)N)C(=O)N=C(N)N
aminoglutethimide	CCC1(CCC(=O)NC1=O)C2=CC=C(C=C2)N
aminophylline	CN1C2=C(C(=O)N(C1=O)C)NC=N2.CN1C2=C(C(=O)N(C1=O)C)NC=N2.C(CN)N
amiodarone	CCCCC1=C(C2=CC=CC=C2O1)C(=O)C3=CC(=C(C(=C3)I)OCCN(CC)CC)I
amiprilose	CC1(O[C@@H]2[C@H]([C@H](O[C@@H]2O1)[C@@H](CO)O)OCCCN(C)C)C
amitriptyline	CN(C)CCC=C1C2=CC=CC=C2CCC3=CC=CC=C31
amodiaquine	CCN(CC)CC1=C(C=CC(=C1)NC2=C3C=CC(=CC3=NC=C2)Cl)O
amoxapine	C1CN(CCN1)C2=NC3=CC=CC=C3OC4=C2C=C(C=C4)Cl
amoxicillin	CC1([C@@H](N2[C@H](S1)[C@@H](C2=O)NC(=O)[C@@H](C3=CC=C(C=C3)O)N)C(=O)O)C
ampicillin	CC1([C@@H](N2[C@H](S1)[C@@H](C2=O)NC(=O)[C@@H](C3=CC=CC=C3)N)C(=O)O)C
ampyrone	CC1=C(C(=O)N(N1C)C2=CC=CC=C2)N
amylocaine	CCC(C)(CN(C)C)OC(=O)C1=CC=CC=C1
anabasine	C1CCN[C@H](C1)C2=CN=CC=C2
androsterone	C[C@]12CC[C@H](C[C@@H]1CC[C@@H]3[C@@H]2CC[C@]4([C@H]3CCC4=O)C)O
anisomycin	CC(=O)O[C@@H]1[C@H](CN[C@@H]1CC2=CC=C(C=C2)OC)O
antazoline	C1CN=C(N1)CN(CC2=CC=CC=C2)C3=CC=CC=C3
apigenin	C1=CC(=CC=C1C2=CC(=O)C3=C(C=C(C=C3O2)O)O)O
apomorphine	CN1CCC2=CC=CC3=C2[C@H]1CC4=C3C(=C(C=C4)O)O
apramycin	CN[C@H]1[C@H]([C@@H]2[C@H](C[C@H]([C@H](O2)O[C@@H]3[C@H](C[C@H]([C@@H]([C@H]3O)O)N)N)N)O[C@@H]1O[C@@H]4[C@@H]([C@H]([C@@H]([C@H](O4)CO)N)O)O)O
AR-A014418	COC1=CC=C(C=C1)CNC(=O)NC2=NC=C(S2)[N+](=O)[O-]
artemisinin	C[C@@H]1CC[C@H]2[C@H](C(=O)O[C@H]3[C@@]24[C@H]1CC[C@](O3)(OO4)C)C
articaine	CCCNC(C)C(=O)NC1=C(SC=C1C)C(=O)OC
asiaticoside	C[C@@H]1CC[C@@]2(CC[C@@]3(C(=CC[C@H]4[C@]3(CCC5[C@@]4(C[C@H]([C@@H]([C@@]5(C)CO)O)O)C)C)[C@@H]2[C@H]1C)C)C(=O)O[C@H]6[C@@H]([C@H]([C@@H]([C@H](O6)COC7[C@@H]([C@H]([C@@H]([C@H](O7)CO)OC8[C@@H]([C@@H]([C@H]([C@@H](O8)C)O)O)O)O)O)O)O)O
astemizole	COC1=CC=C(C=C1)CCN2CCC(CC2)NC3=NC4=CC=CC=C4N3CC5=CC=C(C=C5)F
atovaquone	C1CC(CCC1C2=CC=C(C=C2)Cl)C3=C(C4=CC=CC=C4C(=O)C3=O)O
atractyloside	CC(C)CC(=O)O[C@@H]1[C@H]([C@@H]([C@H](O[C@@H]1O[C@@H]2C[C@H]([C@H]3CC[C@@]45C[C@H](CCC4[C@@]3(C2)C)C(=C)[C@@H]5O)C(=O)O)CO)OS(=O)(=O)[O-])OS(=O)(=O)[O-].[K+].[K+]
atropine	CN1[C@@H]2CC[C@H]1CC(C2)OC(=O)[C@@H](CO)C3=CC=CC=C3.CN1[C@@H]2CC[C@H]1CC(C2)OC(=O)[C@@H](CO)C3=CC=CC=C3.O.OS(=O)(=O)O
azacitidine	C1=NC(=NC(=O)N1[C@H]2[C@@H]([C@@H]([C@H](O2)CO)O)O)N
azacyclonol	C1CNCCC1C(C2=CC=CC=C2)(C3=CC=CC=C3)O
azaperone	C1CN(CCN1CCCC(=O)C2=CC=C(C=C2)F)C3=CC=CC=N3
azapropazone	CCCC1C(=O)N2C3=C(C=CC(=C3)C)N=C(N2C1=O)N(C)C
azathioprine	CN1C=NC(=C1SC2=NC=NC3=C2NC=N3)[N+](=O)[O-]
azlocillin	CC1([C@@H](N2[C@H](S1)[C@@H](C2=O)NC(=O)C(C3=CC=CC=C3)NC(=O)N4CCNC4=O)C(=O)O)C
aztreonam	C[C@H]1[C@@H](C(=O)N1S(=O)(=O)O)NC(=O)/C(=N\\OC(C)(C)C(=O)O)/C2=CSC(=N2)N
baclofen	C1=CC(=CC=C1C(CC(=O)O)CN)Cl
bambuterol	CC(C)(C)NCC(C1=CC(=CC(=C1)OC(=O)N(C)C)OC(=O)N(C)C)O
beclometasone	C[C@H]1C[C@H]2[C@@H]3CCC4=CC(=O)C=C[C@@]4([C@]3([C@H](C[C@@]2([C@]1(C(=O)CO)O)C)O)Cl)C
bemegride	CCC1(CC(=O)NC(=O)C1)C
bendroflumethiazide	C1=CC=C(C=C1)CC2NC3=C(C=C(C(=C3)C(F)(F)F)S(=O)(=O)N)S(=O)(=O)N2
benfluorex	CC(CC1=CC(=CC=C1)C(F)(F)F)NCCOC(=O)C2=CC=CC=C2
benfotiamine	CC1=NC=C(C(=N1)N)CN(C=O)/C(=C(/CCOP(=O)(O)O)\\SC(=O)C2=CC=CC=C2)/C
benperidol	C1CN(CCC1N2C3=CC=CC=C3NC2=O)CCCC(=O)C4=CC=C(C=C4)F
benserazide	C1=CC(=C(C(=C1CNNC(=O)C(CO)N)O)O)O
benzamil	C1=CC=C(C=C1)CN=C(N)NC(=O)C2=C(N=C(C(=N2)Cl)N)N
benzbromarone	CCC1=C(C2=CC=CC=C2O1)C(=O)C3=CC(=C(C(=C3)Br)O)Br
benzocaine	CCOC(=O)C1=CC=C(C=C1)N
benzonatate	CCCCNC1=CC=C(C=C1)C(=O)OCCOCCOCCOCCOCCOCCOCCOCCOCCOC
benzthiazide	C1=CC=C(C=C1)CSCC2=NS(=O)(=O)C3=CC(=C(C=C3N2)Cl)S(=O)(=O)N
benzydamine	C1=CC=C(C=C1)CN
benzylpenicillin	CC1([C@@H](N2[C@H](S1)[C@@H](C2=O)NC(=O)CC3=CC=CC=C3)C(=O)O)C
bepridil	CC(C)COCC(CN(CC1=CC=CC=C1)C2=CC=CC=C2)N3CCCC3
bergenin	COC1=C(C=C2C(=C1O)C3C(C(C(C(O3)CO)O)O)OC2=O)O
betahistine	CNCCC1=CC=CC=N1
betamethasone	C[C@H]1C[C@H]2[C@@H]3CCC4=CC(=O)C=C[C@@]4([C@]3([C@H](C[C@@]2([C@]1(C(=O)CO)O)C)O)F)C
betaxolol	CC(C)NCC(COC1=CC=C(C=C1)CCOCC2CC2)O
betazole	C1=C(NN=C1)CCN
bethanechol	CC(C[N+](C)(C)C)OC(=O)N
bezafibrate	CC(C)(C(=O)O)OC1=CC=C(C=C1)CCNC(=O)C2=CC=C(C=C2)Cl
bicuculline	CN1CCC2=CC3=C(C=C2[C@H]1[C@H]4C5=C(C6=C(C=C5)OCO6)C(=O)O4)OCO3
biotin	C1[C@H]2[C@@H]([C@@H](S1)CCCCC(=O)O)NC(=O)N2
biperiden	C1CCN(CC1)CCC(C2CC3CC2C=C3)(C4=CC=CC=C4)O
bisacodyl	CC(=O)OC1=CC=C(C=C1)C(C2=CC=C(C=C2)OC(=O)C)C3=CC=CC=N3
bisoprolol	CC(C)NCC(COC1=CC=C(C=C1)COCCOC(C)C)O
blebbistatin	CC1=CC2=C(C=C1)N=C3C(C2=O)(CCN3C4=CC=CC=C4)O
boldine	CN1CCC2=CC(=C(C3=C2[C@@H]1CC4=CC(=C(C=C43)OC)O)OC)O
brinzolamide	CCN[C@H]1CN(S(=O)(=O)C2=C1C=C(S2)S(=O)(=O)N)CCCOC
bromocriptine	CC(C)C[C@H]1C(=O)N2CCC[C@H]2[C@]3(N1C(=O)[C@](O3)(C(C)C)NC(=O)[C@H]4CN([C@@H]5CC6=C(NC7=CC=CC(=C67)C5=C4)Br)C)O
bromperidol	C1CN(CCC1(C2=CC=C(C=C2)Br)O)CCCC(=O)C3=CC=C(C=C3)F
brompheniramine	CN(C)CCC(C1=CC=C(C=C1)Br)C2=CC=CC=N2
bucladesine	CCCC(=O)NC1=NC=NC2=C1N=CN2C3[C@@H]([C@H]4[C@H](O3)COP(=O)(O4)O)OC(=O)CCC
budesonide	CCCC1O[C@@H]2C[C@H]3[C@@H]4CCC5=CC(=O)C=C[C@@]5([C@H]4[C@H](C[C@@]3([C@@]2(O1)C(=O)CO)C)O)C
bufexamac	CCCCOC1=CC=C(C=C1)CC(=O)NO
buflomedil	COC1=CC(=C(C(=C1)OC)C(=O)CCCN2CCCC2)OC
bumetanide	CCCCNC1=C(C(=CC(=C1)C(=O)O)S(=O)(=O)N)OC2=CC=CC=C2
bupivacaine	CCCCN1CCCCC1C(=O)NC2=C(C=CC=C2C)C
bupropion	CC(C(=O)C1=CC(=CC=C1)Cl)NC(C)(C)C
buspirone	C1CCC2(C1)CC(=O)N(C(=O)C2)CCCCN3CCN(CC3)C4=NC=CC=N4
butacaine	CCCCN(CCCC)CCCOC(=O)C1=CC=C(C=C1)N
butamben	CCCCOC(=O)C1=CC=C(C=C1)N
butein	C1=CC(=C(C=C1/C=C/C(=O)C2=C(C=C(C=C2)O)O)O)O
butirosin	C1[C@@H]([C@H]([C@@H]([C@H]([C@@H]1NC(=O)[C@@H](CCN)O)O)O[C@@H]2[C@@H]([C@@H]([C@H](O2)CO)O)O)O[C@@H]3[C@@H]([C@H]([C@@H]([C@H](O3)CN)O)O)N)N
butoconazole	C1=CC(=C(C(=C1)Cl)SC(CCC2=CC=C(C=C2)Cl)CN3C=CN=C3)Cl
BW-B70C	CC(/C=C/C1=CC(=CC=C1)OC2=CC=C(C=C2)F)N(C(=O)N)O
calycanthine	CN1CC[C@@]23[C@@H]4NC5=CC=CC=C5[C@@]2([C@@H]1NC6=CC=CC=C36)CCN4C
camptothecin	CC[C@@]1(C2=C(COC1=O)C(=O)N3CC4=CC5=CC=CC=C5N=C4C3=C2)O
capsaicin	CC(C)/C=C/CCCCC(=O)NCC1=CC(=C(C=C1)O)OC
captopril	C[C@H](CS)C(=O)N1CCC[C@H]1C(=O)O
carbachol	C[N+](C)(C)CCOC(=O)N.[Cl-]
carbamazepine	C1=CC=C2C(=C1)C=CC3=CC=CC=C3N2C(=O)N
carbarsone	C1=CC(=CC=C1NC(=O)N)[As](=O)(O)O
carbenoxolone	C[C@]12CC[C@](C[C@H]1C3=CC(=O)[C@@H]4[C@]5(CC[C@@H](C([C@@H]5CC[C@]4([C@@]3(CC2)C)C)(C)C)OC(=O)CCC(=O)O)C)(C)C(=O)O
carbimazole	CCOC(=O)N1C=CN(C1=S)C
carbinoxamine	CN(C)CCOC(C1=CC=C(C=C1)Cl)C2=CC=CC=N2
carisoprodol	CCCC(C)(COC(=O)N)COC(=O)NC(C)C
carteolol	CC(C)(C)NCC(COC1=CC=CC2=C1CCC(=O)N2)O
cefaclor	C1C(=C(N2[C@H](S1)[C@@H](C2=O)NC(=O)[C@@H](C3=CC=CC=C3)N)C(=O)O)Cl
cefadroxil	CC1=C(N2[C@@H]([C@@H](C2=O)NC(=O)[C@@H](C3=CC=C(C=C3)O)N)SC1)C(=O)O
cefalexin	CC1=C(N2[C@@H]([C@@H](C2=O)NC(=O)[C@@H](C3=CC=CC=C3)N)SC1)C(=O)O
cefalotin	CC(=O)OCC1=C(N2[C@@H]([C@@H](C2=O)NC(=O)CC3=CC=CS3)SC1)C(=O)O
cefazolin	CC1=NN=C(S1)SCC2=C(N3[C@@H]([C@@H](C3=O)NC(=O)CN4C=NN=N4)SC2)C(=O)O
cefepime	C[N+]1(CCCC1)CC2=C(N3[C@@H]([C@@H](C3=O)NC(=O)/C(=N\\OC)/C4=CSC(=N4)N)SC2)C(=O)[O-]
cefixime	C=CC1=C(N2[C@@H]([C@@H](C2=O)NC(=O)/C(=N\\OCC(=O)O)/C3=CSC(=N3)N)SC1)C(=O)O
cefmetazole	CN1C(=NN=N1)SCC2=C(N3[C@@H]([C@@](C3=O)(NC(=O)CSCC#N)OC)SC2)C(=O)O
ceforanide	C1C(=C(N2[C@H](S1)[C@@H](C2=O)NC(=O)CC3=CC=CC=C3CN)C(=O)O)CSC4=NN=NN4CC(=O)O
cefotaxime	CC(=O)OCC1=C(N2[C@@H]([C@@H](C2=O)NC(=O)/C(=N\\OC)/C3=CSC(=N3)N)SC1)C(=O)O
cefotetan	CN1C(=NN=N1)SCC2=C(N3[C@@H]([C@@](C3=O)(NC(=O)C4SC(=C(C(=O)N)C(=O)O)S4)OC)SC2)C(=O)O
cefotiam	CN(C)CCN1C(=NN=N1)SCC2=C(N3[C@@H]([C@@H](C3=O)NC(=O)CC4=CSC(=N4)N)SC2)C(=O)O
cefoxitin	CO[C@@]1([C@@H]2N(C1=O)C(=C(CS2)COC(=O)N)C(=O)O)NC(=O)CC3=CC=CS3
cefsulodin	C1C(=C(N2[C@H](S1)[C@@H](C2=O)NC(=O)[C@@H](C3=CC=CC=C3)S(=O)(=O)O)C(=O)[O-])C[N+]4=CC=C(C=C4)C(=O)N
ceftazidime	CC(C)(C(=O)O)O/N=C(/C1=CSC(=N1)N)\\C(=O)N[C@H]2[C@@H]3N(C2=O)C(=C(CS3)C[N+]4=CC=CC=C4)C(=O)[O-]
cefuroxime	CO/N=C(/C1=CC=CO1)\\C(=O)N[C@H]2[C@@H]3N(C2=O)C(=C(CS3)COC(=O)N)C(=O)[O-].[Na+]
celastrol	CC1=C(C(=O)C=C2C1=CC=C3[C@]2(CC[C@@]4([C@@]3(CC[C@@]5([C@H]4C[C@](CC5)(C)C(=O)O)C)C)C)C)O
celecoxib	CC1=CC=C(C=C1)C2=CC(=NN2C3=CC=C(C=C3)S(=O)(=O)N)C(F)(F)F
cephaeline	CC[C@H]1CN2CCC3=CC(=C(C=C3[C@@H]2C[C@@H]1C[C@@H]4C5=CC(=C(C=C5CCN4)O)OC)OC)OC
cetirizine	C1CN(CCN1CCOCC(=O)O)C(C2=CC=CC=C2)C3=CC=C(C=C3)Cl
chlorambucil	C1=CC(=CC=C1CCCC(=O)O)N(CCCl)CCCl
chloramphenicol	C1=CC(=CC=C1[C@H]([C@@H](CO)NC(=O)C(Cl)Cl)O)[N+](=O)[O-]
chlorcyclizine	CN1CCN(CC1)C(C2=CC=CC=C2)C3=CC=C(C=C3)Cl
chlorhexidine	C1=CC(=CC=C1N/C(=N/C(=NCCCCCCN=C(/N=C(/NC2=CC=C(C=C2)Cl)\\N)N)N)/N)Cl
chlormezanone	CN1C(S(=O)(=O)CCC1=O)C2=CC=C(C=C2)Cl
chloropyramine	CN(C)CCN(CC1=CC=C(C=C1)Cl)C2=CC=CC=N2
chloroquine	CCN(CC)CCCC(C)NC1=C2C=CC(=CC2=NC=C1)Cl
chlorphenamine	CN(C)CCC(C1=CC=C(C=C1)Cl)C2=CC=CC=N2
chlorpromazine	CN(C)CCCN1C2=CC=CC=C2SC3=C1C=C(C=C3)Cl
chlorprothixene	CN(C)CC/C=C/1\\C2=CC=CC=C2SC3=C1C=C(C=C3)Cl
chlortalidone	C1=CC=C2C(=C1)C(=O)NC2(C3=CC(=C(C=C3)Cl)S(=O)(=O)N)O
chlortetracycline	C[C@@]1([C@H]2C[C@H]3[C@@H](C(=O)C(=C([C@]3(C(=O)C2=C(C4=C(C=CC(=C41)Cl)O)O)O)O)C(=O)N)N(C)C)O
chlorzoxazone	C1=CC2=C(C=C1Cl)NC(=O)O2
ciclacillin	CC1([C@@H](N2[C@H](S1)[C@@H](C2=O)NC(=O)C3(CCCCC3)N)C(=O)O)C
ciclopirox	CC1=CC(=O)N(C(=C1)C2CCCCC2)O
cimetidine	CC1=C(N=CN1)CSCCNC(=NC)NC#N
cinchocaine	CCCCOC1=NC2=CC=CC=C2C(=C1)C(=O)NCCN(CC)CC
cinchonine	C=C[C@H]1CN2CC[C@H]1C[C@@H]2[C@H](C3=CC=NC4=CC=CC=C34)O
cinnarizine	C1CN(CCN1C/C=C/C2=CC=CC=C2)C(C3=CC=CC=C3)C4=CC=CC=C4
ciprofibrate	CC(C)(C(=O)O)OC1=CC=C(C=C1)C2CC2(Cl)Cl
ciprofloxacin	C1CC1N2C=C(C(=O)C3=CC(=C(C=C32)N4CCNCC4)F)C(=O)O
cisapride	CO[C@@H]1CN(CC[C@@H]1NC(=O)C2=CC(=C(C=C2OC)N)Cl)CCCOC3=CC=C(C=C3)F
citalopram	CN(C)CCCC1(C2=C(CO1)C=C(C=C2)C#N)C3=CC=C(C=C3)F
citiolone	CC(=O)NC1CCSC1=O
clebopride	COC1=CC(=C(C=C1C(=O)NC2CCN(CC2)CC3=CC=CC=C3)Cl)N
clemastine	C[C@@](C1=CC=CC=C1)(C2=CC=C(C=C2)Cl)OCC[C@H]3CCCN3C
clemizole	C1CCN(C1)CC2=NC3=CC=CC=C3N2CC4=CC=C(C=C4)Cl
clenbuterol	CC(C)(C)NCC(C1=CC(=C(C(=C1)Cl)N)Cl)O
clindamycin	CCC[C@@H]1C[C@H](N(C1)C)C(=O)N[C@@H](C2[C@@H]([C@@H]([C@H]([C@H](O2)SC)O)O)O)[C@H](C)Cl
clioquinol	C1=CC2=C(C(=C(C=C2Cl)I)O)N=C1
clobetasol	C[C@H]1C[C@H]2[C@@H]3CCC4=CC(=O)C=C[C@@]4([C@]3([C@H](C[C@@]2([C@]1(C(=O)CCl)O)C)O)F)C
clofazimine	CC(C)N=C1C=C2C(=NC3=CC=CC=C3N2C4=CC=C(C=C4)Cl)C=C1NC5=CC=C(C=C5)Cl
clofibrate	CCOC(=O)C(C)(C)OC1=CC=C(C=C1)Cl
clomifene	CCN(CC)CCOC1=CC=C(C=C1)/C(=C(/C2=CC=CC=C2)\\Cl)/C3=CC=CC=C3
clomipramine	CN(C)CCCN1C2=CC=CC=C2CCC3=C1C=C(C=C3)Cl
clonidine	C1CN=C(N1)NC2=C(C=CC=C2Cl)Cl.Cl
clopamide	CC1CCCC(N1NC(=O)C2=CC(=C(C=C2)Cl)S(=O)(=O)N)C
cloperastine	C1CCN(CC1)CCOC(C2=CC=CC=C2)C3=CC=C(C=C3)Cl
clorgiline	CN(CCCOC1=C(C=C(C=C1)Cl)Cl)CC#C
clorsulon	C1=C(C(=CC(=C1N)S(=O)(=O)N)S(=O)(=O)N)C(=C(Cl)Cl)Cl
clotrimazole	C1=CC=C(C=C1)C(C2=CC=CC=C2)(C3=CC=CC=C3Cl)N4C=CN=C4
cloxacillin	CC1=C(C(=NO1)C2=CC=CC=C2Cl)C(=O)N[C@H]3[C@@H]4N(C3=O)[C@H](C(S4)(C)C)C(=O)O
clozapine	CN1CCN(CC1)C2=C3C=CC=CC3=NC4=C(N2)C=C(C=C4)Cl
colchicine	CC(=O)N[C@H]1CCC2=CC(=C(C(=C2C3=CC=C(C(=O)C=C13)OC)OC)OC)OC
colforsin	CC(=O)O[C@H]1[C@H]([C@@H]2[C@]([C@H](CCC2(C)C)O)([C@@]3([C@@]1(O[C@@](CC3=O)(C)C=C)C)O)C)O
colistin	CCC(C)CCCC(=O)N[C@@H](CCN)C(=O)N[C@@H]([C@@H](C)O)C(=O)N[C@@H](CCN)C(=O)N[C@H]1CCNC(=O)[C@@H](NC(=O)[C@@H](NC(=O)[C@@H](NC(=O)[C@@H](NC(=O)[C@H](NC(=O)[C@@H](NC1=O)CCN)CC(C)C)CC(C)C)CCN)CCN)[C@@H](C)O
corticosterone	C[C@]12CCC(=O)C=C1CC[C@@H]3[C@@H]2[C@H](C[C@]4([C@H]3CC[C@@H]4C(=O)CO)C)O
cortisone	C[C@]12CCC(=O)C=C1CC[C@@H]3[C@@H]2C(=O)C[C@]4([C@H]3CC[C@@]4(C(=O)CO)O)C
corynanthine	COC(=O)[C@@H]1[C@H](CC[C@@H]2[C@@H]1C[C@H]3C4=C(CCN3C2)C5=CC=CC=C5N4)O
cotinine	CN1[C@@H](CCC1=O)C2=CN=CC=C2
crotamiton	CCN(C1=CC=CC=C1C)C(=O)/C=C/C
cyanocobalamin	CC1=CC2=C(C=C1C)N(C=N2)[C@@H]3[C@@H]([C@@H]([C@H](O3)CO)OP(=O)([O-])O[C@H](C)CNC(=O)CC[C@@]4([C@H]([C@@H]5[C@]6([C@@]([C@@H](/C(=C(/C7=N/C(=C\\C8=N/C(=C(\\C4=N5)/C)/[C@H](C8(C)C)CCC(=O)N)/[C@H]([C@]7(C)CC(=O)N)CCC(=O)N)\\C)/[N-]6)CCC(=O)N)(C)CC(=O)N)C)CC(=O)N)C)O.[C-]#N.[Co+3]
cyclizine	CN1CCN(CC1)C(C2=CC=CC=C2)C3=CC=CC=C3
cyclobenzaprine	CN(C)CCC=C1C2=CC=CC=C2C=CC3=CC=CC=C31
cyclopenthiazide	C1CCC(C1)CC2NC3=CC(=C(C=C3S(=O)(=O)N2)S(=O)(=O)N)Cl
cyclopentolate	CN(C)CCOC(=O)C(C1=CC=CC=C1)C2(CCCC2)O
cycloserine	C1[C@H](C(=O)NO1)N
cyproheptadine	CN1CCC(=C2C3=CC=CC=C3C=CC4=CC=CC=C42)CC1
cyproterone	CC(=O)[C@]1(CC[C@@H]2[C@@]1(CC[C@H]3[C@H]2C=C(C4=CC(=O)[C@@H]5C[C@@H]5[C@]34C)Cl)C)O
dacarbazine	CN(C)N/N=C/1\\C(=NC=N1)C(=O)N
danazol	C[C@]12CC[C@H]3[C@H]([C@@H]1CC[C@]2(C#C)O)CCC4=CC5=C(C[C@]34C)C=NO5
dantrolene	C1C(=O)NC(=O)N1/N=C/C2=CC=C(O2)C3=CC=C(C=C3)[N+](=O)[O-]
dapsone	C1=CC(=CC=C1N)S(=O)(=O)C2=CC=C(C=C2)N
daunorubicin	CC1C(C(CC(O1)O[C@H]2C[C@@](CC3=C(C4=C(C(=C23)O)C(=O)C5=C(C4=O)C=CC=C5OC)O)(C(=O)C)O)N)O
debrisoquine	C1CN(CC2=CC=CC=C21)C(=N)N
decitabine	C1[C@@H]([C@H](O[C@H]1N2C=NC(=NC2=O)N)CO)O
demeclocycline	CN(C)[C@H]1[C@@H]2C[C@@H]3[C@@H](C4=C(C=CC(=C4C(=C3C(=O)[C@@]2(C(=C(C1=O)C(=O)N)O)O)O)O)Cl)O
deptropine	CN1C2CCC1CC(C2)OC3C4=CC=CC=C4CCC5=CC=CC=C35.C(C(=O)O)C(CC(=O)O)(C(=O)O)O
depudecin	C[C@H]([C@H]1C(O1)/C=C/[C@H]2[C@@H](O2)[C@@H](C=C)O)O
desipramine	CNCCCN1C2=CC=CC=C2CCC3=CC=CC=C31
desoxycortone	C[C@]12CC[C@H]3[C@H]([C@@H]1CC[C@@H]2C(=O)CO)CCC4=CC(=O)CC[C@]34C
dexamethasone	C[C@@H]1C[C@H]2[C@@H]3CCC4=CC(=O)C=C[C@@]4([C@]3([C@H](C[C@@]2([C@]1(C(=O)CO)O)C)O)F)C
dextromethorphan	CN1CC[C@@]23CCCC[C@@H]2[C@@H]1CC4=C3C=C(C=C4)OC
diazoxide	CC1=NS(=O)(=O)C2=C(N1)C=CC(=C2)Cl
diclofenac	C1=CC=C(C(=C1)CC(=O)O)NC2=C(C=CC=C2Cl)Cl
diclofenamide	C1=C(C=C(C(=C1S(=O)(=O)N)Cl)Cl)S(=O)(=O)N
dicloxacillin	CC1=C(C(=NO1)C2=C(C=CC=C2Cl)Cl)C(=O)N[C@H]3[C@@H]4N(C3=O)[C@H](C(S4)(C)C)C(=O)O
dicoumarol	C1=CC=C2C(=C1)C(=C(C(=O)O2)CC3=C(C4=CC=CC=C4OC3=O)O)O
dicycloverine	CCN(CC)CCOC(=O)C1(CCCCC1)C2CCCCC2
dienestrol	C/C=C(/C(=C/C)/C1=CC=C(C=C1)O)\\C2=CC=C(C=C2)O
diethylcarbamazine	CCN(CC)C(=O)N1CCN(CC1)C
diethylstilbestrol	CC/C(=C(/CC)\\C1=CC=C(C=C1)O)/C2=CC=C(C=C2)O
diflorasone	C[C@H]1C[C@H]2[C@@H]3C[C@@H](C4=CC(=O)C=C[C@@]4([C@]3([C@H](C[C@@]2([C@]1(C(=O)CO)O)C)O)F)C)F
diflunisal	C1=CC(=C(C=C1C2=C(C=C(C=C2)F)F)C(=O)O)O
digitoxigenin	C[C@]12CC[C@@H](C[C@H]1CC[C@@H]3[C@@H]2CC[C@]4([C@@]3(CC[C@@H]4C5=CC(=O)OC5)O)C)O
digoxigenin	C[C@]12CC[C@@H](C[C@H]1CC[C@@H]3[C@@H]2C[C@H]([C@]4([C@@]3(CC[C@@H]4C5=CC(=O)OC5)O)C)O)O
digoxin	C[C@@H]1[C@H]([C@H](C[C@@H](O1)O[C@@H]2[C@H](O[C@H](C[C@@H]2O)O[C@@H]3[C@H](O[C@H](C[C@@H]3O)O[C@H]4CC[C@]5([C@@H](C4)CC[C@@H]6[C@@H]5C[C@H]([C@]7([C@@]6(CC[C@@H]7C8=CC(=O)OC8)O)C)O)C)C)C)O)O
dihydroergocristine	CC(C)[C@@]1(C(=O)N2[C@H](C(=O)N3CCC[C@H]3[C@@]2(O1)O)CC4=CC=CC=C4)NC(=O)[C@@H]5C[C@H]6[C@@H](CC7=CNC8=CC=CC6=C78)N(C5)C
dihydroergotamine	C[C@@]1(C(=O)N2[C@H](C(=O)N3CCC[C@H]3[C@@]2(O1)O)CC4=CC=CC=C4)NC(=O)[C@@H]5C[C@H]6[C@@H](CC7=CNC8=CC=CC6=C78)N(C5)C
dihydrostreptomycin	C[C@@H]1[C@@]([C@@H]([C@H](O1)O[C@@H]2[C@@H]([C@@H]([C@@H]([C@H]([C@@H]2O)O)N=C(N)N)O)N=C(N)N)O[C@@H]3[C@@H]([C@@H]([C@@H]([C@H](O3)CO)O)O)NC)(CO)O.C[C@@H]1[C@@]([C@@H]([C@H](O1)O[C@@H]2[C@@H]([C@@H]([C@@H]([C@H]([C@@H]2O)O)N=C(N)N)O)N=C(N)N)O[C@@H]3[C@@H]([C@@H]([C@@H]([C@H](O3)CO)O)O)NC)(CO)O.OS(=O)(=O)O.OS(=O)(=O)O.OS(=O)(=O)O
dilazep	COC1=CC(=CC(=C1OC)OC)C(=O)OCCCN2CCCN(CC2)CCCOC(=O)C3=CC(=C(C(=C3)OC)OC)OC
diloxanide	CN(C1=CC=C(C=C1)O)C(=O)C(Cl)Cl
diltiazem	CC(=O)O[C@@H]1[C@@H](SC2=CC=CC=C2N(C1=O)CCN(C)C)C3=CC=C(C=C3)OC
dimenhydrinate	CN1C2=C(C(=O)N(C1=O)C)NC(=N2)Cl.CN(C)CCOC(C1=CC=CC=C1)C2=CC=CC=C2
dimethadione	CC1(C(=O)NC(=O)O1)C
dinoprost	CCCCC[C@@H](/C=C/[C@H]1[C@@H](C[C@@H]([C@@H]1C/C=C\\CCCC(=O)O)O)O)O
dinoprostone	CCCCC[C@@H](/C=C/[C@H]1[C@@H](CC(=O)[C@@H]1C/C=C\\CCCC(=O)O)O)O
dioxybenzone	COC1=CC(=C(C=C1)C(=O)C2=CC=CC=C2O)O
diperodon	C1CCN(CC1)CC(COC(=O)NC2=CC=CC=C2)OC(=O)NC3=CC=CC=C3
diphenhydramine	CN(C)CCOC(C1=CC=CC=C1)C2=CC=CC=C2
diphenylpyraline	CN1CCC(CC1)OC(C2=CC=CC=C2)C3=CC=CC=C3
dipivefrine	CC(C)(C)C(=O)OC1=C(C=C(C=C1)C(CNC)O)OC(=O)C(C)(C)C
dipyridamole	C1CCN(CC1)C2=NC(=NC3=C2N=C(N=C3N4CCCCC4)N(CCO)CCO)N(CCO)CCO
dirithromycin	CC[C@@H]1[C@@](C2[C@H]([C@H]([C@@H](C[C@@]([C@@H]([C@H]([C@@H]([C@H](C(=O)O1)C)O[C@H]3C[C@@]([C@H]([C@@H](O3)C)O)(C)OC)C)O[C@H]4[C@@H]([C@H](C[C@H](O4)C)N(C)C)O)(C)O)C)N[C@H](O2)COCCOC)C)(C)O
disopyramide	CC(C)N(CCC(C1=CC=CC=C1)(C2=CC=CC=N2)C(=O)N)C(C)C
disulfiram	CC1=CC(=C(C=C1S(=O)(=O)N)S(=O)(=O)N)Cl
dizocilpine	C[C@@]12C3=CC=CC=C3C[C@@H](N1)C4=CC=CC=C24
dobutamine	CC(CCC1=CC=C(C=C1)O)NCCC2=CC(=C(C=C2)O)O
domperidone	C1CN(CCC1N2C3=C(C=C(C=C3)Cl)NC2=O)CCCN4C5=CC=CC=C5NC4=O
dopamine	C1=CC(=C(C=C1CCN)O)O
dorzolamide	CCN[C@H]1C[C@@H](S(=O)(=O)C2=C1C=C(S2)S(=O)(=O)N)C
dosulepin	CN(C)CC/C=C/1\\C2=CC=CC=C2CSC3=CC=CC=C31
doxazosin	COC1=C(C=C2C(=C1)C(=NC(=N2)N3CCN(CC3)C(=O)C4COC5=CC=CC=C5O4)N)OC
doxepin	CN(C)CC/C=C/1\\C2=CC=CC=C2COC3=CC=CC=C31
doxorubicin	C[C@H]1[C@H]([C@H](CC(O1)O[C@H]2C[C@@](CC3=C(C4=C(C(=C23)O)C(=O)C5=C(C4=O)C=CC=C5OC)O)(C(=O)CO)O)N)O
doxycycline	C[C@@H]1[C@H]2[C@@H]([C@H]3[C@@H](C(=O)C(=C([C@]3(C(=O)C2=C(C4=C1C=CC=C4O)O)O)O)C(=O)N)N(C)C)O
doxylamine	CC(C1=CC=CC=C1)(C2=CC=CC=N2)OCCN(C)C
droperidol	C1CN(CC=C1N2C3=CC=CC=C3NC2=O)CCCC(=O)C4=CC=C(C=C4)F
dropropizine	C1CN(CCN1CC(CO)O)C2=CC=CC=C2
dyclonine	CCCCOC1=CC=C(C=C1)C(=O)CCN2CCCCC2
dydrogesterone	CC(=O)[C@H]1CC[C@@H]2[C@@]1(CC[C@@H]3[C@H]2C=CC4=CC(=O)CC[C@@]34C)C
ebselen	C1=CC=C(C=C1)N2C(=O)C3=CC=CC=C3[Se]2
econazole	C1=CC(=CC=C1COC(CN2C=CN=C2)C3=C(C=C(C=C3)Cl)Cl)Cl
ellipticine	CC1=C2C(=C(C3=C1C=CN=C3)C)C4=CC=CC=C4N2
emetine	CC[C@H]1CN2CCC3=CC(=C(C=C3[C@@H]2C[C@@H]1C[C@@H]4C5=CC(=C(C=C5CCN4)OC)OC)OC)OC.Cl
enalapril	CCOC(=O)[C@H](CCC1=CC=CC=C1)N[C@@H](C)C(=O)N2CCC[C@H]2C(=O)O
enilconazole	C=CCOC(CN1C=CN=C1)C2=C(C=C(C=C2)Cl)Cl
enoxacin	CCN1C=C(C(=O)C2=CC(=C(N=C21)N3CCNCC3)F)C(=O)O
epiandrosterone	C[C@]12CC[C@@H](C[C@@H]1CC[C@@H]3[C@@H]2CC[C@]4([C@H]3CCC4=O)C)O
epirizole	CC1=CC(=NC(=N1)N2C(=CC(=N2)C)OC)OC
epitiostanol	CC12CCC3C(C1CCC2O)CCC4C3(CC5C(C4)S5)C
equilin	C[C@]12CC[C@H]3C(=CCC4=C3C=CC(=C4)O)[C@@H]1CCC2=O
erastin	CCOC1=CC=CC=C1N2C(=O)C3=CC=CC=C3N=C2C(C)N4CCN(CC4)C(=O)COC5=CC=C(C=C5)Cl
erythromycin	CC[C@@H]1[C@@]([C@@H]([C@H](C(=O)[C@@H](C[C@@]([C@@H]([C@H]([C@@H]([C@H](C(=O)O1)C)O[C@H]2C[C@@]([C@H]([C@@H](O2)C)O)(C)OC)C)O[C@H]3[C@@H]([C@H](C[C@H](O3)C)N(C)C)O)(C)O)C)C)O)(C)O
esculin	C1=CC(=O)OC2=CC(=C(C=C21)OC3[C@@H]([C@H]([C@@H]([C@H](O3)CO)O)O)O)O
estradiol	C[C@]12CC[C@H]3[C@H]([C@@H]1CC[C@@H]2O)CCC4=C3C=CC(=C4)O
estriol	CC12CCC3C(C1C[C@H](C2O)O)CCC4=C3C=CC(=C4)OC
estrone	C[C@]12CC[C@H]3[C@H]([C@@H]1CCC2=O)CCC4=C3C=CC(=C4)O
estropipate	C[C@]12CC[C@H]3[C@H]([C@@H]1CCC2=O)CCC4=C3C=CC(=C4)OS(=O)(=O)O
etamivan	CCN(CC)C(=O)C1=CC(=C(C=C1)O)OC
etamsylate	CCNCC.C1=CC(=C(C=C1O)S(=O)(=O)O)O
etanidazole	C1=CN(C(=N1)[N+](=O)[O-])CC(=O)NCCO
ethambutol	CC[C@@H](CO)NCCN[C@@H](CC)CO
ethaverine	CCOC1=C(C=C(C=C1)CC2=NC=CC3=CC(=C(C=C32)OCC)OCC)OCC
ethionamide	CCC1=NC=CC(=C1)C(=S)N
ethisterone	C[C@]12CCC(=O)C=C1CC[C@@H]3[C@@H]2CC[C@]4([C@H]3CC[C@]4(C#C)O)C
ethosuximide	CCC1(CC(=O)NC1=O)C
ethotoin	CCN1C(=O)C(NC1=O)C2=CC=CC=C2
ethoxyquin	CCOC1=CC2=C(C=C1)NC(C=C2C)(C)C
eticlopride	CCC1=CC(=C(C(=C1O)C(=O)NC[C@@H]2CCCN2CC)OC)Cl
etifenin	CCC1=C(C(=CC=C1)CC)NC(=O)CN(CC(=O)O)CC(=O)O
etilefrine	CCNCC(C1=CC(=CC=C1)O)O
etiocholanolone	C[C@]12CC[C@H](C[C@H]1CC[C@@H]3[C@@H]2CC[C@]4([C@H]3CCC4=O)C)O
etodolac	CCC1=CC=CC2=C1NC3=C2CCOC3(CC)CC(=O)O
etofenamate	C1=CC=C(C(=C1)C(=O)OCCOCCO)NC2=CC=CC(=C2)C(F)(F)F
etofylline	CN1C2=C(C(=O)N(C1=O)C)N(C=N2)CCO
etomidate	CCOC(=O)C1=CN=CN1C(C)C2=CC=CC=C2
etoposide	C[C@@H]1OC[C@@H]2[C@@H](O1)[C@@H]([C@H]([C@@H](O2)O[C@H]3[C@H]4COC(=O)[C@@H]4[C@@H](C5=CC6=C(C=C35)OCO6)C7=CC(=C(C(=C7)OC)O)OC)O)O
eucatropine	CC1CC(CC(N1C)(C)C)OC(=O)C(C2=CC=CC=C2)O.Cl
exemestane	C[C@]12CC[C@H]3[C@H]([C@@H]1CCC2=O)CC(=C)C4=CC(=O)C=C[C@]34C
famotidine	C1=C(N=C(S1)N=C(N)N)CSCC/C(=N/S(=O)(=O)N)/N
famprofazone	CC(C)C1=C(N(N(C1=O)C2=CC=CC=C2)C)CN(C)C(C)CC3=CC=CC=C3
fasudil	C1CNCCN(C1)S(=O)(=O)C2=CC=CC3=C2C=CN=C3
felbinac	C1=CC=C(C=C1)C2=CC=C(C=C2)CC(=O)O
felodipine	CCOC(=O)C1=C(NC(=C(C1C2=C(C(=CC=C2)Cl)Cl)C(=O)OC)C)C
fenbendazole	COC(=O)NC1=NC2=C(N1)C=C(C=C2)SC3=CC=CC=C3
fenbufen	C1=CC=C(C=C1)C2=CC=C(C=C2)C(=O)CCC(=O)O
fendiline	CC(C1=CC=CC=C1)NCCC(C2=CC=CC=C2)C3=CC=CC=C3
fenofibrate	CC(C)OC(=O)C(C)(C)OC1=CC=C(C=C1)C(=O)C2=CC=C(C=C2)Cl
fenoprofen	CC(C1=CC(=CC=C1)OC2=CC=CC=C2)C(=O)O
fenoterol	CC(CC1=CC=C(C=C1)O)NCC(C2=CC(=CC(=C2)O)O)O
fenspiride	C1CN(CCC12CNC(=O)O2)CCC3=CC=CC=C3
finasteride	C[C@]12CC[C@H]3[C@H]([C@@H]1CC[C@@H]2C(=O)NC(C)(C)C)CC[C@@H]4[C@@]3(C=CC(=O)N4)C
fipexide	C1CN(CCN1CC2=CC3=C(C=C2)OCO3)C(=O)COC4=CC=C(C=C4)Cl
flavoxate	CC1=C(OC2=C(C1=O)C=CC=C2C(=O)OCCN3CCCCC3)C4=CC=CC=C4
flecainide	C1CCNC(C1)CNC(=O)C2=C(C=CC(=C2)OCC(F)(F)F)OCC(F)(F)F
florfenicol	CS(=O)(=O)C1=CC=C(C=C1)[C@H]([C@@H](CF)NC(=O)C(Cl)Cl)O
flucloxacillin	CC1=C(C(=NO1)C2=C(C=CC=C2Cl)F)C(=O)N[C@H]3[C@@H]4N(C3=O)C(C(S4)(C)C)C(=O)O
flucytosine	C1=NC(=O)NC(=C1F)N
fludrocortisone	C[C@]12CCC(=O)C=C1CC[C@@H]3[C@@]2([C@H](C[C@]4([C@H]3CC[C@@]4(C(=O)CO)O)C)O)F
fludroxycortide	C[C@]12CCC(=O)C=C1[C@H](C[C@@H]3[C@@H]2[C@H](C[C@]4([C@H]3C[C@@H]5[C@]4(OC(O5)(C)C)C(=O)CO)C)O)F
flumequine	CC1CCC2=C3N1C=C(C(=O)C3=CC(=C2)F)C(=O)O
flumetasone	C[C@@H]1C[C@H]2[C@@H]3C[C@@H](C4=CC(=O)C=C[C@@]4([C@]3([C@H](C[C@@]2([C@]1(C(=O)CO)O)C)O)F)C)F
flunarizine	C1CN(CCN1C/C=C/C2=CC=CC=C2)C(C3=CC=C(C=C3)F)C4=CC=C(C=C4)F
flunisolide	C[C@]12C[C@@H]([C@H]3[C@H]([C@@H]1C[C@@H]4[C@]2(OC(O4)(C)C)C(=O)CO)C[C@@H](C5=CC(=O)C=C[C@]35C)F)O
flunixin	CC1=C(C=CC=C1NC2=C(C=CC=N2)C(=O)O)C(F)(F)F
fluocinonide	CC(=O)OCC(=O)[C@@]12[C@@H](C[C@@H]3[C@@]1(C[C@@H]([C@]4([C@H]3C[C@@H](C5=CC(=O)C=C[C@@]54C)F)F)O)C)OC(O2)(C)C
fluorometholone	C[C@H]1C[C@H]2[C@@H]3CC[C@@]([C@]3(C[C@@H]([C@@]2([C@@]4(C1=CC(=O)C=C4)C)F)O)C)(C(=O)C)O
fluoxetine	CNCCC(C1=CC=CC=C1)OC2=CC=C(C=C2)C(F)(F)F
flupentixol	C1CN(CCN1CC/C=C\\2/C3=CC=CC=C3SC4=C2C=C(C=C4)C(F)(F)F)CCO
fluphenazine	C1CN(CCN1CCCN2C3=CC=CC=C3SC4=C2C=C(C=C4)C(F)(F)F)CCCl
flurbiprofen	CC(C1=CC(=C(C=C1)C2=CC=CC=C2)F)C(=O)O
fluspirilene	C1CN(CCC12C(=O)NCN2C3=CC=CC=C3)CCCC(C4=CC=C(C=C4)F)C5=CC=C(C=C5)F
flutamide	CC(C)C(=O)NC1=CC(=C(C=C1)[N+](=O)[O-])C(F)(F)F
fluticasone	C[C@@H]1C[C@H]2[C@@H]3C[C@@H](C4=CC(=O)C=C[C@@]4([C@]3([C@H](C[C@@]2([C@]1(C(=O)SCF)O)C)O)F)C)F
fluvastatin	CC(C)N1C2=CC=CC=C2C(=C1/C=C/[C@H](C[C@H](CC(=O)O)O)O)C3=CC=C(C=C3)F
fluvoxamine	COCCCC/C(=N/OCCN)/C1=CC=C(C=C1)C(F)(F)F
foliosidine	CC(C)(C(COC1=CC=CC2=C1N(C(=O)C=C2OC)C)O)O
fosfosal	C1=CC=C(C(=C1)C(=O)O)OP(=O)(O)O
fulvestrant	C[C@]12CC[C@H]3[C@H]([C@@H]1CC[C@@H]2O)[C@@H](CC4=C3C=CC(=C4)O)CCCCCCCCCS(=O)CCCC(C(F)(F)F)(F)F
furaltadone	C1COCCN1CC2CN(C(=O)O2)/N=C/C3=CC=C(O3)[N+](=O)[O-]
furosemide	C1=COC(=C1)CNC2=CC(=C(C=C2C(=O)O)S(=O)(=O)N)Cl
fursultiamine	CC1=NC=C(C(=N1)N)CN(C=O)/C(=C(\\CCO)/SSCC2CCCO2)/C
gabapentin	C1CCC(CC1)(CC(=O)O)CN
gabexate	CCOC(=O)C1=CC=C(C=C1)OC(=O)CCCCCN=C(N)N
galantamine	CN1CC[C@@]23C=C[C@@H](C[C@@H]2OC4=C(C=CC(=C34)C1)OC)O
ganciclovir	C1=NC2=C(N1COC(CO)CO)NC(=NC2=O)N
geldanamycin	C[C@H]1C[C@@H]([C@@H]([C@H](/C=C(/[C@@H]([C@H](/C=C\\C=C(\\C(=O)NC2=CC(=O)C(=C(C1)C2=O)OC)/C)OC)OC(=O)N)\\C)C)O)OC
gelsemine	CN1C[C@@]2([C@H]3[C@H]1[C@@H]4C2CC([C@@]35C6=CC=CC=C6NC5=O)OC4)C=C
gemfibrozil	CC1=CC(=C(C=C1)C)OCCCC(C)(C)C(=O)O
genistein	C1=CC(=CC=C1C2=COC3=CC(=CC(=C3C2=O)O)OC4C(C(C(C(O4)CO)O)O)O)O
gentamicin	C[C@@]1(CO[C@@H]([C@@H]([C@H]1NC)O)O[C@H]2[C@@H](C[C@@H](C([C@@H]2O)O[C@@H]3[C@@H](CC[C@H](O3)CNC)N)N)N)O
glafenine	C1=CC=C(C(=C1)C(=O)OCC(CO)O)NC2=C3C=CC(=CC3=NC=C2)Cl
glibenclamide	COC1=C(C=C(C=C1)Cl)C(=O)NCCC2=CC=C(C=C2)S(=O)(=O)NC(=O)NC3CCCCC3
gliclazide	CC1=CC=C(C=C1)S(=O)(=O)NC(=O)NN2CC3CCCC3C2
glimepiride	CCC1=C(CN(C1=O)C(=O)NCCC2=CC=C(C=C2)S(=O)(=O)NC(=O)NC3CCC(CC3)C)C
glipizide	CC1=NC=C(N=C1)C(=O)NCCC2=CC=C(C=C2)S(=O)(=O)NC(=O)NC3CCCCC3
gliquidone	CC1(C2=C(C=C(C=C2)OC)C(=O)N(C1=O)CCC3=CC=C(C=C3)S(=O)(=O)NC(=O)NC4CCCCC4)C
gossypol	CC1=C(C(=C2C(=C1)C(=C(C(=C2C=O)O)O)C(C)C)O)C3=C(C=C4C(=C3O)C(=C(C(=C4C(C)C)O)O)C=O)C
griseofulvin	C[C@@H]1CC(=O)C=C([C@]12C(=O)C3=C(O2)C(=C(C=C3OC)OC)Cl)OC
guaifenesin	COC1=CC=CC=C1OCC(CO)O
guanabenz	C1=CC(=C(C(=C1)Cl)/C=N/N=C(N)N)Cl
guanadrel	C1CCC2(CC1)OCC(O2)CN=C(N)N
guanethidine	C1CCCN(CCC1)CCN=C(N)N
guanfacine	C1=CC(=C(C(=C1)Cl)CC(=O)N=C(N)N)Cl
H-7	CC1CNCCN1S(=O)(=O)C2=CC=CC3=C2C=CN=C3
H-89	C1=CC2=C(C=CN=C2)C(=C1)S(=O)(=O)NCCNC/C=C/C3=CC=C(C=C3)Br
halcinonide	C[C@]12CCC(=O)C=C1CC[C@@H]3[C@@]2([C@H](C[C@]4([C@H]3C[C@@H]5[C@]4(OC(O5)(C)C)C(=O)CCl)C)O)F
halofantrine	CCCCN(CCCC)CCC(C1=C2C=CC(=CC2=C3C=C(C=C(C3=C1)Cl)Cl)C(F)(F)F)O
haloperidol	C1CN(CCC1(C2=CC=C(C=C2)Cl)O)CCCC(=O)C3=CC=C(C=C3)F
harmine	CC1=NC=CC2=C1NC3=C2C=CC(=C3)OC
harpagoside	C[C@@]1(C[C@H]([C@]2([C@@H]1[C@@H](OC=C2)O[C@H]3[C@@H]([C@H]([C@@H]([C@H](O3)CO)O)O)O)O)O)OC(=O)/C=C/C4=CC=CC=C4
heliotrine	C[C@H](C(C(C)C)(C(=O)OCC1=CCN2[C@H]1[C@H](CC2)O)O)OC
helveticoside	CC1[C@H](C(C[C@@H](O1)O[C@H]2CC[C@@]3(C4CC[C@@]5([C@H](CC[C@@]5(C4CC[C@@]3(C2)O)O)C6=CC(=O)OC6)C)C=O)O)O
heptaminol	CC(CCCC(C)(C)O)N
hesperidin	C[C@H]1[C@@H]([C@H]([C@H]([C@@H](O1)OC[C@@H]2[C@H]([C@@H]([C@H]([C@@H](O2)OC3=CC(=C4C(=O)C[C@H](OC4=C3)C5=CC(=C(C=C5)OC)O)O)O)O)O)O)O)O
hexestrol	CCC(C1=CC=C(C=C1)O)C(CC)C2=CC=C(C=C2)O
hexetidine	CCCCC(CC)CN1CC(CN(C1)CC(CC)CCCC)(C)N
hexylcaine	CC(CNC1CCCCC1)OC(=O)C2=CC=CC=C2
homatropine	CN1[C@@H]2CC[C@H]1CC(C2)OC(=O)[C@@H](C3=CC=CC=C3)O.Br
homochlorcyclizine	CN1CCCN(CC1)C(C2=CC=CC=C2)C3=CC=C(C=C3)Cl
homosalate	CC1CC(CC(C1)(C)C)OC(=O)C2=CC=CC=C2O
hycanthone	CCN(CC)CCNC1=C2C(=C(C=C1)CO)SC3=CC=CC=C3C2=O
hydralazine	C1=CC=C2C(=C1)C=NN=C2NN
hydrastinine	C[N+]1=CC2=CC3=C(C=C2CC1)OCO3
hydrochlorothiazide	C1NC2=CC(=C(C=C2S(=O)(=O)N1)S(=O)(=O)N)Cl
hydrocortisone	C[C@]12CCC(=O)C=C1CC[C@@H]3[C@@H]2[C@H](C[C@]4([C@H]3CC[C@@]4(C(=O)CO)O)C)O
hydrocotarnine	CN1CCC2=CC3=C(C(=C2C1)OC)OCO3
hydroflumethiazide	C1NC2=C(C=C(C(=C2)C(F)(F)F)S(=O)(=O)N)S(=O)(=O)N1
hydroquinine	CC[C@H]1CN2CCC1C[C@H]2[C@@H](C3=C4C=C(C=CC4=NC=C3)OC)O
hydroxyzine	C1CN(CCN1CCOCCO)C(C2=CC=CC=C2)C3=CC=C(C=C3)Cl
hymecromone	CC1=CC(=O)OC2=C1C=CC(=C2)O
hyoscyamine	CN1[C@@H]2CC[C@H]1CC(C2)OC(=O)C(CO)C3=CC=CC=C3
idazoxan	C1CN=C(N1)C2COC3=CC=CC=C3O2
idoxuridine	C1[C@@H]([C@H](O[C@H]1N2C=C(C(=O)NC2=O)I)CO)O
ifenprodil	CC(C(C1=CC=C(C=C1)O)O)N2CCC(CC2)CC3=CC=CC=C3
ifosfamide	C1CN(P(=O)(OC1)NCCCl)CCCl
iloprost	CC#CCC(C)[C@@H](/C=C/[C@H]1[C@@H](C[C@H]2[C@@H]1C/C(=C/CCCC(=O)O)/C2)O)O
imatinib	CC1=C(C=C(C=C1)NC(=O)C2=CC=C(C=C2)CN3CCN(CC3)C)NC4=NC=CC(=N4)C5=CN=CC=C5
imipenem	C[C@H]([C@@H]1[C@H]2CC(=C(N2C1=O)C(=O)O)SCCN=CN)O
imipramine	CN(C)CCCN1C2=CC=CC=C2CCC3=CC=CC=C31
indapamide	CC1CC2=CC=CC=C2N1NC(=O)C3=CC(=C(C=C3)Cl)S(=O)(=O)N
indometacin	CC1=C(C2=C(N1C(=O)C3=CC=C(C=C3)Cl)C=CC(=C2)OC)CC(=O)O
indoprofen	CC(C1=CC=C(C=C1)N2CC3=CC=CC=C3C2=O)C(=O)O
iobenguane	C1=CC(=CC(=C1)I)CN=C(N)N
iodixanol	CC(=O)N(CC(CN(C1=C(C(=C(C(=C1I)C(=O)NCC(CO)O)I)C(=O)NCC(CO)O)I)C(=O)C)O)C2=C(C(=C(C(=C2I)C(=O)NCC(CO)O)I)C(=O)NCC(CO)O)I
iohexol	CC(=O)N(CC(CO)O)C1=C(C(=C(C(=C1I)C(=O)NCC(CO)O)I)C(=O)NCC(CO)O)I
ionomycin	C[C@H](CCC(=O)O)C[C@H](C)C[C@H](C)C(=O)/C=C(/[C@H](C)C[C@H](C)C/C=C/[C@@H](C)[C@H]([C@@H](C)[C@H](C[C@@H]1CC[C@@](O1)(C)[C@H]2CC[C@@](O2)(C)[C@@H](C)O)O)O)\\O
iopamidol	C[C@@H](C(=O)NC1=C(C(=C(C(=C1I)C(=O)NC(CO)CO)I)C(=O)NC(CO)CO)I)O
iopromide	CN(CC(CO)O)C(=O)C1=C(C(=C(C(=C1I)C(=O)NCC(CO)O)I)NC(=O)COC)I
ioversol	C(CO)N(C1=C(C(=C(C(=C1I)C(=O)NCC(CO)O)I)C(=O)NCC(CO)O)I)C(=O)CO
iproniazid	CC(C)NNC(=O)C1=CC=NC=C1
irinotecan	CCC1=C2C=C(C=CC2=NC3=C1CN4C3=CC5=C(C4=O)COC(=O)[C@@]5(CC)O)OC(=O)N6CCC(CC6)N7CCCCC7
isocarboxazid	CC1=CC(=NO1)C(=O)NNCC2=CC=CC=C2
isoflupredone	CC12CC(C3(C(C1CCC2(C(=O)CO)O)CCC4=CC(=O)C=CC43C)F)O
isometheptene	CC(CCC=C(C)C)NC
isoniazid	COC1=C/C(=C\\NNC(=O)C2=CC=NC=C2)/C=CC1=O
isosorbide	C1[C@H]([C@@H]2[C@H](O1)[C@H](CO2)O)O
isotretinoin	CC1=C(C(CCC1)(C)C)/C=C/C(=C/C=C/C(=C\\C(=O)O)/C)/C
isoxicam	CC1=CC(=NO1)NC(=O)C2=C(C3=CC=CC=C3S(=O)(=O)N2C)O
isoxsuprine	CC(COC1=CC=CC=C1)NC(C)C(C2=CC=C(C=C2)O)O
isradipine	CC1=C(C(C(=C(N1)C)C(=O)OC(C)C)C2=CC=CC3=NON=C32)C(=O)OC
ivermectin	CC[C@H](C)[C@@H]1[C@H](CC[C@@]2(O1)C[C@@H]3C[C@H](O2)C/C=C(/[C@H]([C@H](/C=C/C=C/4\\CO[C@H]5[C@@]4([C@@H](C=C([C@H]5O)C)C(=O)O3)O)C)O[C@H]6C[C@@H]([C@H]([C@@H](O6)C)O[C@H]7C[C@@H]([C@H]([C@@H](O7)C)O)OC)OC)\\C)C
josamycin	C[C@@H]1C/C=C/C=C/[C@@H]([C@@H](C[C@@H]([C@@H]([C@H]([C@@H](CC(=O)O1)OC(=O)C)OC)O[C@H]2[C@@H]([C@H]([C@@H]([C@H](O2)C)O[C@H]3C[C@@]([C@H]([C@@H](O3)C)OC(=O)CC(C)C)(C)O)N(C)C)O)CC=O)C)O
kaempferol	C1=CC(=CC=C1C2=C(C(=O)C3=C(C=C(C=C3O2)O)O)O)O
kanamycin	C1C(C(C(C(C1N)OC2C(C(C(C(O2)CN)O)O)O)O)OC3C(C(C(C(O3)CO)O)N)O)N.OS(=O)(=O)O
karakoline	CCN1C[C@@]2(CC[C@@H]([C@@]34[C@@H]2C[C@@H](C31)[C@]5(C[C@@H]([C@H]6C[C@@H]4[C@@H]5C6O)OC)O)O)C
kawain	COC1=CC(=O)O[C@H](C1)/C=C/C2=CC=CC=C2
ketanserin	C1CN(CCC1C(=O)C2=CC=C(C=C2)F)CCN3C(=O)C4=CC=CC=C4NC3=O
ketoconazole	CC(=O)N1CCN(CC1)C2=CC=C(C=C2)OC[C@H]3CO[C@](O3)(CN4C=CN=C4)C5=C(C=C(C=C5)Cl)Cl
ketoprofen	CC(C1=CC=CC(=C1)C(=O)C2=CC=CC=C2)C(=O)O
ketorolac	C1CN2C(=CC=C2C(=O)C3=CC=CC=C3)C1C(=O)O
ketotifen	CN1CCC(=C2C3=C(C(=O)CC4=CC=CC=C42)SC=C3)CC1
khellin	CC1=CC(=O)C2=C(C3=C(C(=C2O1)OC)OC=C3)OC
kinetin	C1=COC(=C1)CNC2=NC=NC3=C2NC=N3
labetalol	CC(CCC1=CC=CC=C1)NCC(C2=CC(=C(C=C2)O)C(=O)N)O
lansoprazole	CC1=C(C=CN=C1CS(=O)C2=NC3=CC=CC=C3N2)OCC(F)(F)F
lasalocid	CC[C@H]([C@@H]1[C@H](C[C@@](O1)(CC)[C@H]2CC[C@@]([C@@H](O2)C)(CC)O)C)C(=O)[C@@H](C)[C@H]([C@H](C)CCC3=C(C(=C(C=C3)C)O)C(=O)O)O
latamoxef	CN1C(=NN=N1)SCC2=C(N3[C@@H]([C@@](C3=O)(NC(=O)C(C4=CC=C(C=C4)O)C(=O)O)OC)OC2)C(=O)O
laudanosine	CN1CCC2=CC(=C(C=C2C1CC3=CC(=C(C=C3)OC)OC)OC)OC
leflunomide	CC1=C(C=NO1)C(=O)NC2=CC=C(C=C2)C(F)(F)F
letrozole	C1=CC(=CC=C1C#N)C(C2=CC=C(C=C2)C#N)N3C=NC=N3
levobunolol	CC(C)(C)NCC(COC1=CC=CC2=C1CCCC2=O)O
levocabastine	C[C@@H]1CN(CC[C@@]1(C2=CC=CC=C2)C(=O)O)C3CCC(CC3)(C#N)C4=CC=C(C=C4)F
levodopa	C1=CC(=C(C=C1C[C@@H](C(=O)O)N)O)O
levomepromazine	C[C@@H](CN1C2=CC=CC=C2SC3=C1C=C(C=C3)OC)CN(C)C
levonorgestrel	CC[C@]12CC[C@H]3[C@H]([C@@H]1CC[C@]2(C#C)O)CCC4=CC(=O)CC[C@H]34
levopropoxyphene	CCC(=O)O[C@@](CC1=CC=CC=C1)(C2=CC=CC=C2)[C@@H](C)CN(C)C
lidocaine	CCN(CC)CC(=O)NC1=C(C=CC=C1C)C.Cl
lidoflazine	CC1=C(C(=CC=C1)C)NC(=O)CN2CCN(CC2)CCCC(C3=CC=C(C=C3)F)C4=CC=C(C=C4)F
lincomycin	CCC[C@@H]1C[C@H](N(C1)C)C(=O)N[C@@H]([C@@H]2[C@@H]([C@@H]([C@H]([C@H](O2)SC)O)O)O)[C@@H](C)O
liothyronine	C1=CC(=C(C=C1OC2=C(C=C(C=C2I)C[C@@H](C(=O)O)N)I)I)O
lisinopril	C1C[C@H](N(C1)C(=O)[C@H](CCCCN)N[C@@H](CCC2=CC=CC=C2)C(=O)O)C(=O)O
lisuride	CCN(CC)C(=O)N[C@H]1CN([C@@H]2CC3=CNC4=CC=CC(=C34)C2=C1)C
LM-1685	COC(=O)C1=CC2=C(N1CC3=CC=C(C=C3)Cl)C=CC(=C2)S(=O)(=O)C
lobelanidine	CN1C(CCCC1CC(C2=CC=CC=C2)O)CC(C3=CC=CC=C3)O
lobeline	CN1[C@@H](CCC[C@@H]1CC(=O)C2=CC=CC=C2)C[C@@H](C3=CC=CC=C3)O
lomefloxacin	CCN1C=C(C(=O)C2=CC(=C(C(=C21)F)N3CCNC(C3)C)F)C(=O)O
loperamide	CN(C)C(=O)C(CCN1CCC(CC1)(C2=CC=C(C=C2)Cl)O)(C3=CC=CC=C3)C4=CC=CC=C4
loracarbef	C1CC(=C(N2[C@H]1[C@@H](C2=O)NC(=O)[C@@H](C3=CC=CC=C3)N)C(=O)O)Cl
lorglumide	CCCCCN(CCCCC)C(=O)C(CCC(=O)O)NC(=O)C1=CC(=C(C=C1)Cl)Cl
lovastatin	CC[C@H](C)C(=O)O[C@H]1C[C@H](C=C2[C@H]1[C@H]([C@H](C=C2)C)CC[C@@H]3C[C@H](CC(=O)O3)O)C
loxapine	CN1CCN(CC1)C2=NC3=CC=CC=C3OC4=C2C=C(C=C4)Cl
lumicolchicine	CC(=O)N[C@H]1CCC2=CC(=C(C(=C2C3=C1[C@H]4[C@@H]3C=C(C4=O)OC)OC)OC)OC
luteolin	C1=CC(=C(C=C1C2=CC(=O)C3=C(C=C(C=C3O2)O)O)O)O
LY-294002	C1COCCN1C2=CC(=O)C3=C(O2)C(=CC=C3)C4=CC=CC=C4
lymecycline	C[C@@]1([C@H]2C[C@H]3[C@@H](C(=O)C(=C([C@]3(C(=O)C2=C(C4=C1C=CC=C4O)O)O)O)C(=O)NCNCCCC[C@@H](C(=O)O)N)N(C)C)O
lynestrenol	C[C@]12CC[C@H]3[C@H]([C@@H]1CC[C@]2(C#C)O)CCC4=CCCC[C@H]34
lysergol	CN1C[C@@H](C=C2[C@H]1CC3=CNC4=CC=CC2=C34)CO
mafenide	C1=CC(=CC=C1CN)S(=O)(=O)N
maprotiline	CNCCCC12CCC(C3=CC=CC=C31)C4=CC=CC=C24
mebendazole	COC(=O)NC1=NC2=C(N1)C=C(C=C2)C(=O)C3=CC=CC=C3
mebeverine	CCN(CCCCOC(=O)C1=CC(=C(C=C1)OC)OC)C(C)CC2=CC=C(C=C2)OC
mebhydrolin	CN1CCC2=C(C1)C3=CC=CC=C3N2CC4=CC=CC=C4
mecamylamine	CC1(C2CCC(C2)C1(C)NC)C
meclocycline	CN(C)[C@H]1[C@@H]2[C@H](C3C(C(=O)C4=C(C=CC(=C4C3=C)Cl)O)C(=O)[C@@]2(C(=O)C(C1=O)C(=O)N)O)O
meclofenoxate	CN(C)CCOC(=O)COC1=CC=C(C=C1)Cl
meclozine	CC1=CC(=CC=C1)CN2CCN(CC2)C(C3=CC=CC=C3)C4=CC=C(C=C4)Cl
medrysone	C[C@H]1C[C@H]2[C@@H]3CC[C@@H]([C@]3(C[C@@H]([C@@H]2[C@@]4(C1=CC(=O)CC4)C)O)C)C(=O)C
mefexamide	CCN(CC)CCNC(=O)COC1=CC=C(C=C1)OC
mefloquine	C1CCNC(C1)C(C2=CC(=NC3=C2C=CC=C3C(F)(F)F)C(F)(F)F)O
megestrol	CC1=C[C@@H]2[C@H](CC[C@]3([C@H]2CC[C@@]3(C(=O)C)OC(=O)C)C)[C@@]4(C1=CC(=O)CC4)C
meglumine	CC(=O)NC1=C(C(=C(C(=C1I)C(=O)O)I)C(=O)NC)I.CNCC(C(C(C(CO)O)O)O)O
melatonin	CC(=O)NCCC1=CNC2=C1C=C(C=C2)OC
memantine	CC12CC3CC(C1)(CC(C3)(C2)N)C
menadione	CC1=CC(=O)C2=CC=CC=C2C1=O
mepacrine	CCN(CC)CCCC(C)NC1=C2C=C(C=CC2=NC3=C1C=CC(=C3)Cl)OC
mephenesin	CC1=CC=CC=C1OCC(CO)O
mephentermine	CC(C)(CC1=CC=CC=C1)NC
mephenytoin	CCC1(C(=O)N(C(=O)N1)C)C2=CC=CC=C2
meprylcaine	CCCNC(C)(C)COC(=O)C1=CC=CC=C1
meptazinol	CCC1(CCCCN(C1)C)C2=CC(=CC=C2)O
mepyramine	CN(C)CCN(CC1=CC=C(C=C1)OC)C2=CC=CC=N2
merbromin	C1=CC=C(C(=C1)C2=C3C=C(C(=O)C=C3OC4=C(C(=C(C=C24)Br)[O-])[Hg])Br)C(=O)[O-].O.[Na+].[Na+]
mercaptopurine	C1=NC2=C(N1)C(=S)N=CN2
meropenem	C[C@@H]1[C@@H]2[C@H](C(=O)N2C(=C1S[C@H]3C[C@H](NC3)C(=O)N(C)C)C(=O)O)[C@@H](C)O
mesalazine	C1=CC(=C(C=C1N)C(=O)O)O
mesoridazine	CN1CCCCC1CCN2C3=CC=CC=C3SC4=C2C=C(C=C4)S(=O)C
mestranol	C[C@]12CC[C@H]3[C@H]([C@@H]1CC[C@]2(C#C)O)CCC4=C3C=CC(=C4)OC
metacycline	CN(C)[C@H]1[C@@H]2[C@H]([C@@H]3C(=C)C4=C(C(=CC=C4)O)C(=C3C(=O)[C@@]2(C(=C(C1=O)C(=O)N)O)O)O)O
metanephrine	CNCC(C1=CC(=C(C=C1)O)OC)O
metaraminol	C[C@@H]([C@@H](C1=CC(=CC=C1)O)O)N
metergoline	CN1CC(CC2C1CC3=CN(C4=CC=CC2=C34)C)CNC(=O)OCC5=CC=CC=C5
metformin	CN(C)C(=N)N=C(N)N
methapyrilene	CN(C)CCN(CC1=CC=CS1)C2=CC=CC=N2
methazolamide	CC(=O)N=C1N(N=C(S1)S(=O)(=O)N)C
methocarbamol	COC1=CC=CC=C1OCC(COC(=O)N)O
methotrexate	CN(CC1=CN=C2C(=N1)C(=NC(=N2)N)N)C3=CC=C(C=C3)C(=O)N[C@@H](CCC(=O)O)C(=O)O
methoxamine	CC(C(C1=C(C=CC(=C1)OC)OC)O)N
methoxsalen	COC1=C2C(=CC3=C1OC=C3)C=CC(=O)O2
methyldopa	C[C@](CC1=CC(=C(C=C1)O)O)(C(=O)O)N
methylergometrine	CCC(CO)NC(=O)C1CN(C2CC3=CNC4=CC=CC(=C34)C2=C1)C
methylprednisolone	C[C@H]1C[C@H]2[C@@H]3CC[C@@]([C@]3(C[C@@H]([C@@H]2[C@@]4(C1=CC(=O)C=C4)C)O)C)(C(=O)CO)O
meticrane	CC1=C(C=C2C(=C1)CCCS2(=O)=O)S(=O)(=O)N
metitepine	CN1CCN(CC1)C2CC3=CC=CC=C3SC4=C2C=C(C=C4)SC
metixene	CN1CCCC(C1)CC2C3=CC=CC=C3SC4=CC=CC=C24
metoclopramide	CCN(CC)CCNC(=O)C1=CC(=C(C=C1OC)N)Cl
metolazone	CC1NC2=CC(=C(C=C2C(=O)N1C3=CC=CC=C3C)S(=O)(=O)N)Cl
metoprolol	CC(C)NCC(COC1=CC=C(C=C1)CCOC)O
metrifonate	COP(=O)(C(C(Cl)(Cl)Cl)O)OC
metrizamide	CC(=O)NC1=C(C(=C(C(=C1I)C(=O)N[C@@H]2[C@H]([C@@H]([C@H](OC2O)CO)O)O)I)N(C)C(=O)C)I
metronidazole	CC1=NC=C(N1CCO)[N+](=O)[O-]
metyrapone	CC(C)(C1=CN=CC=C1)C(=O)C2=CN=CC=C2
mexiletine	CC1=C(C(=CC=C1)C)OCC(C)N
MG-132	CC(C)C[C@@H](C=O)NC(=O)[C@H](CC(C)C)NC(=O)[C@H](CC(C)C)NC(=O)OCC1=CC=CC=C1
mianserin	CN1CCN2C(C1)C3=CC=CC=C3CC4=CC=CC=C42
miconazole	C1=CC(=C(C=C1Cl)Cl)COC(CN2C=CN=C2)C3=C(C=C(C=C3)Cl)Cl
midodrine	COC1=CC(=C(C=C1)OC)C(CNC(=O)CN)O
mifepristone	CC#C[C@@]1(CC[C@@H]2[C@@]1(C[C@@H](C3=C4CCC(=O)C=C4CC[C@@H]23)C5=CC=C(C=C5)N(C)C)C)O
milrinone	CC1=C(C=C(C(=O)N1)C#N)C2=CC=NC=C2
minaprine	CC1=CC(=NN=C1NCCN2CCOCC2)C3=CC=CC=C3
minocycline	CN(C)[C@H]1[C@@H]2C[C@@H]3CC4=C(C=CC(=C4C(=C3C(=O)[C@@]2(C(=C(C1=O)C(=O)N)O)O)O)O)N(C)C
minoxidil	C1CCN(CC1)C2=NC(=N)N(C(=C2)N)O
mitoxantrone	C1=CC(=C2C(=C1NCCNCCO)C(=O)C3=C(C=CC(=C3C2=O)O)O)NCCNCCO
molindone	CCC1=C(NC2=C1C(=O)C(CC2)CN3CCOCC3)C
molsidomine	CCO/C(=N\\C1=C[N+](=NO1)N2CCOCC2)/[O-]
mometasone	C[C@@H]1C[C@H]2C3CCC4=CC(=O)C=C[C@@]4([C@]3([C@H](C[C@@]2([C@]1(C(=O)CCl)O)C)O)Cl)C
monastrol	CCOC(=O)C1=C(NC(=S)NC1C2=CC(=CC=C2)O)C
monensin	CC[C@]1(CC[C@@H](O1)[C@@]2(CC[C@@]3(O2)C[C@@H]([C@H]([C@H](O3)[C@@H](C)[C@H]([C@H](C)C(=O)O)OC)C)O)C)[C@H]4[C@H](C[C@@H](O4)[C@@H]5[C@H](C[C@H]([C@@](O5)(CO)O)C)C)C
monobenzone	C1=CC=C(C=C1)COC2=CC=C(C=C2)O
monocrotaline	C[C@H]1C(=O)O[C@@H]2CCN3[C@@H]2C(=CC3)COC(=O)[C@]([C@]1(C)O)(C)O
moracizine	CCOC(=O)NC1=CC2=C(C=C1)SC3=CC=CC=C3N2C(=O)CCN4CCOCC4
morantel	CC1=C(SC=C1)/C=C/C2=NCCCN2C
moroxydine	C1COCCN1C(=N)N=C(N)N
moxisylyte	CC1=CC(=C(C=C1OC(=O)C)C(C)C)OCCN(C)C
moxonidine	CC1=NC(=C(C(=N1)Cl)NC2=NCCN2)OC
myricetin	C1=C(C=C(C(=C1O)O)O)C2=C(C(=O)C3=C(C=C(C=C3O2)O)O)O
N-acetyl-L-leucine	CC(C)C[C@@H](C(=O)O)NC(=O)C
nabumetone	CC(=O)CCC1=CC2=C(C=C1)C=C(C=C2)OC
nadide	C1=CC(=C[N+](=C1)[C@H]2[C@@H]([C@@H]([C@H](O2)COP(=O)([O-])OP(=O)(O)OC[C@@H]3[C@H]([C@H]([C@@H](O3)N4C=NC5=C4N=CN=C5N)O)O)O)O)C(=O)N
nadolol	CC(C)(C)NCC(COC1=CC=CC2=C1C[C@@H]([C@@H](C2)O)O)O
nafcillin	CCOC1=C(C2=CC=CC=C2C=C1)C(=O)N[C@H]3[C@@H]4N(C3=O)[C@H](C(S4)(C)C)C(=O)O
naftidrofuryl	CCN(CC)CCOC(=O)C(CC1CCCO1)CC2=CC=CC3=CC=CC=C32
naftifine	CN(C/C=C/C1=CC=CC=C1)CC2=CC=CC3=CC=CC=C32
naftopidil	COC1=CC=CC=C1N2CCN(CC2)CC(COC3=CC=CC4=CC=CC=C43)O
nalbuphine	C1CC(C1)CN2CC[C@]34[C@@H]5[C@H](CC[C@]3([C@H]2CC6=C4C(=C(C=C6)O)O5)O)O
naloxone	C=CCN1CC[C@]23[C@@H]4C(=O)CC[C@]2([C@H]1CC5=C3C(=C(C=C5)O)O4)O
naltrexone	C1CC1CN2CCC34C5C(=O)CCC3(C2CC6=C4C(=C(C=C6)O)O5)O
napelline	CCN1C[C@@]2(CC[C@@H]([C@@]34[C@@H]2C[C@@H](C31)[C@]56[C@H]4C[C@@H]([C@@H](C5)C(=C)[C@H]6O)O)O)C
naphazoline	C1CN=C(N1)CC2=CC=CC3=CC=CC=C32
naproxen	CC(C1=CC2=C(C=C1)C=C(C=C2)OC)C(=O)O
naringenin	C1C(OC2=CC(=CC(=C2C1=O)O)O)C3=CC=C(C=C3)O
naringin	C[C@H]1[C@@H]([C@H]([C@H]([C@@H](O1)O[C@@H]2[C@H]([C@@H]([C@H](O[C@H]2OC3=CC(=C4C(=O)C[C@H](OC4=C3)C5=CC=C(C=C5)O)O)CO)O)O)O)O)O
nefopam	CN1CCOC(C2=CC=CC=C2C1)C3=CC=CC=C3
neomycin	C1[C@H]([C@@H]([C@H]([C@@H]([C@H]1N)O[C@@H]2[C@@H]([C@H]([C@@H]([C@H](O2)CN)O)O)N)O[C@H]3[C@@H]([C@@H]([C@H](O3)CO)O[C@@H]4[C@@H]([C@H]([C@@H]([C@@H](O4)CN)O)O)N)O)O)N
nialamide	C1=CC=C(C=C1)CNC(=O)CCNNC(=O)C2=CC=NC=C2
nicardipine	CC1=C(C(C(=C(N1)C)C(=O)OCCN(C)CC2=CC=CC=C2)C3=CC(=CC=C3)[N+](=O)[O-])C(=O)OC
nicergoline	CN1C[C@@H](C[C@]2([C@H]1CC3=CN(C4=CC=CC2=C34)C)OC)COC(=O)C5=CC(=CN=C5)Br
niclosamide	C1=CC(=C(C=C1[N+](=O)[O-])Cl)NC(=O)C2=C(C=CC(=C2)Cl)O
nifedipine	CC1=C(C(C(=C(N1)C)C(=O)OC)C2=CC=CC=C2[N+](=O)[O-])C(=O)OC
nifenazone	CC1=C(C(=O)N(N1C)C2=CC=CC=C2)NC(=O)C3=CN=CC=C3
nifuroxazide	C1=CC(=CC=C1C(=O)N/N=C/C2=CC=C(O2)[N+](=O)[O-])O
nifurtimox	CC1CS(=O)(=O)CCN1/N=C/C2=CC=C(O2)[N+](=O)[O-]
nilutamide	CC1(C(=O)N(C(=O)N1)C2=CC(=C(C=C2)[N+](=O)[O-])C(F)(F)F)C
nimesulide	CS(=O)(=O)NC1=C(C=C(C=C1)[N+](=O)[O-])OC2=CC=CC=C2
nimodipine	CC1=C(C(C(=C(N1)C)C(=O)OC(C)C)C2=CC(=CC=C2)[N+](=O)[O-])C(=O)OCCOC
niridazole	C1CN(C(=O)N1)C2=NC=C(S2)[N+](=O)[O-]
nisoxetine	CNCCC(C1=CC=CC=C1)OC2=CC=CC=C2OC
nitrendipine	CCOC(=O)C1=C(NC(=C(C1C2=CC(=CC=C2)[N+](=O)[O-])C(=O)OC)C)C
nitrofural	C1=C(OC(=C1)[N+](=O)[O-])/C=N/NC(=O)N
nizatidine	CN/C(=C/[N+](=O)[O-])/NCCSCC1=CSC(=N1)CN(C)C
nocodazole	COC(=O)NC1=NC2=C(N1)C=C(C=C2)C(=O)C3=CC=CS3
nomegestrol	CC1=C[C@@H]2[C@H](CC[C@]3([C@H]2CC[C@@]3(C(=O)C)O)C)[C@@H]4C1=CC(=O)CC4
nomifensine	CN1CC(C2=C(C1)C(=CC=C2)N)C3=CC=CC=C3
norcyclobenzaprine	CNCCC=C1C2=CC=CC=C2C=CC3=CC=CC=C31
norethisterone	C[C@]12CC[C@H]3[C@H]([C@@H]1CC[C@]2(C#C)O)CCC4=CC(=O)CC[C@H]34
noretynodrel	C[C@]12CC[C@H]3[C@H]([C@@H]1CC[C@]2(C#C)O)CCC4=C3CCC(=O)C4
norfloxacin	CCN1C=C(C(=O)C2=CC(=C(C=C21)N3CCNCC3)F)C(=O)O
nortriptyline	CNCCC=C1C2=CC=CC=C2CCC3=CC=CC=C31
noscapine	CN1CCC2=CC3=C(C(=C2[C@@H]1[C@@H]4C5=C(C(=C(C=C5)OC)OC)C(=O)O4)OC)OCO3
novobiocin	CC1=C(C=CC2=C1OC(=O)C(=C2O)NC(=O)C3=CC(=C(C=C3)O)CC=C(C)C)O[C@H]4[C@@H]([C@@H]([C@H](C(O4)(C)C)OC)OC(=O)N)O
NU-1025	CC1=NC(=O)C2=C(N1)C(=CC=C2)O
nystatin	C[C@H]1/C=C/C=C/CC/C=C/C=C/C=C/C=C/C(CC2C(C(C[C@](O2)(CC(C(CCC(CC(CC(CC(=O)O[C@H]([C@@H]([C@@H]1O)C)C)O)O)O)O)O)O)O)C(=O)O)O[C@@H]3[C@H]([C@H]([C@@H]([C@H](O3)C)O)N)O
octopamine	C1=CC(=CC=C1C(CN)O)O.Cl
ofloxacin	C[C@H]1COC2=C3N1C=C(C(=O)C3=CC(=C2N4CCN(CC4)C)F)C(=O)O
omeprazole	CC1=CN=C(C(=C1OC)C)CS(=O)C2=NC3=C(N2)C=C(C=C3)OC
ondansetron	CC1=NC=CN1CC2CCC3=C(C2=O)C4=CC=CC=C4N3C
orciprenaline	CC(C)NCC(C1=CC(=CC(=C1)O)O)O
orlistat	CCCCCCCCCCC[C@@H](C[C@H]1[C@@H](C(=O)O1)CCCCCC)OC(=O)[C@H](CC(C)C)NC=O
ornidazole	CC1=NC=C(N1CC(CCl)O)[N+](=O)[O-]
orphenadrine	CC1=CC=CC=C1C(C2=CC=CC=C2)OCCN(C)C
ouabain	C[C@H]1[C@@H]([C@H]([C@H]([C@@H](O1)O[C@H]2C[C@H]([C@@]3([C@@H]4[C@@H](CC[C@@]3(C2)O)[C@]5(CC[C@@H]([C@]5(C[C@H]4O)C)C6=CC(=O)OC6)O)CO)O)O)O)O
oxantel	CN1CCCN=C1/C=C/C2=CC(=CC=C2)O
oxaprozin	C1=CC=C(C=C1)C2=C(OC(=N2)CCC(=O)O)C3=CC=CC=C3
oxetacaine	CC(C)(CC1=CC=CC=C1)N(C)C(=O)CN(CCO)CC(=O)N(C)C(C)(C)CC2=CC=CC=C2
oxolamine	CCN(CC)CCC1=NC(=NO1)C2=CC=CC=C2
oxprenolol	CC(C)NCC(COC1=CC=CC=C1OCC=C)O
oxybenzone	COC1=CC(=C(C=C1)C(=O)C2=CC=CC=C2)O
oxybuprocaine	CCCCOC1=C(C=CC(=C1)C(=O)OCCN(CC)CC)N
oxybutynin	CCN(CC)CC#CCOC(=O)C(C1CCCCC1)(C2=CC=CC=C2)O
oxymetazoline	CC1=CC(=C(C(=C1CC2=NCCN2)C)O)C(C)(C)C
oxyphenbutazone	CCCCC1C(=O)N(N(C1=O)C2=CC=C(C=C2)O)C3=CC=CC=C3
oxytetracycline	C[C@@]1([C@H]2[C@@H]([C@H]3[C@@H](C(=O)C(=C([C@]3(C(=O)C2=C(C4=C1C=CC=C4O)O)O)O)C(=O)N)N(C)C)O)O
ozagrel	C1=CC(=CC=C1CN2C=CN=C2)/C=C/C(=O)O
paclitaxel	CC1=C2C(C(=O)C3(C(CC4C(C3C(C(C2(C)C)(CC1OC(=O)C(C(C5=CC=CC=C5)NC(=O)C6=CC=CC=C6)O)O)OC(=O)C7=CC=CC=C7)(CO4)OC(=O)C)O)C)OC(=O)C
papaverine	COC1=C(C=C(C=C1)CC2=NC=CC3=CC(=C(C=C32)OC)OC)OC
paracetamol	CC(=O)NC1=CC=C(C=C1)O
parbendazole	CCCCC1=CC2=C(C=C1)N=C(N2)NC(=O)OC
pargyline	CN(CC#C)CC1=CC=CC=C1
paromomycin	C1[C@H]([C@@H]([C@H]([C@@H]([C@H]1N)O[C@@H]2[C@@H]([C@H]([C@@H]([C@H](O2)CO)O)O)N)O[C@H]3[C@@H]([C@@H]([C@H](O3)CO)O[C@@H]4[C@@H]([C@H]([C@@H]([C@@H](O4)CN)O)O)N)O)O)N
paroxetine	C1CNC[C@H]([C@@H]1C2=CC=C(C=C2)F)COC3=CC4=C(C=C3)OCO4
parthenolide	C/C/1=C\\CC[C@@]2([C@@H](O2)[C@@H]3[C@@H](CC1)C(=C)C(=O)O3)C
pempidine	CC1(CCCC(N1C)(C)C)C
penbutolol	CC(C)(C)NC[C@@H](COC1=CC=CC=C1C2CCCC2)O
pentamidine	C1=CC(=CC=C1C(=N)N)OCCCCCOC2=CC=C(C=C2)C(=N)N
pentoxifylline	CC(=O)CCCCN1C(=O)C2=C(N=CN2C)N(C1=O)C
pentoxyverine	CCN(CC)CCOCCOC(=O)C1(CCCC1)C2=CC=CC=C2
pepstatin	C[C@@H](C(=O)N[C@@H](CC(C)C)[C@H](CC(=O)O)O)NC(=O)C[C@@H]([C@H](CC(C)C)NC(=O)[C@H](C(C)C)NC(=O)[C@H](C(C)C)NC(=O)CC(C)C)O
pergolide	CCCN1C[C@@H](C[C@H]2[C@H]1CC3=CNC4=CC=CC2=C34)CSC
perhexiline	C1CCC(CC1)C(CC2CCCCN2)C3CCCCC3
perphenazine	C1CN(CCN1CCCN2C3=CC=CC=C3SC4=C2C=C(C=C4)Cl)CCO
phenacetin	CCOC1=CC=C(C=C1)NC(=O)C
phenazone	CC1=C(C(=O)N(N1C)C2=CC=CC=C2)O
phenazopyridine	C1=CC=C(C=C1)N=NC2=C(N=C(C=C2)N)N
phenelzine	C1=CC=C(C=C1)CCNN
phenformin	C1=CC=C(C=C1)CCN=C(N)N=C(N)N
phenindione	C1=CC=C(C=C1)C2C(=O)C3=CC=CC=C3C2=O
pheniramine	CN(C)CCC(C1=CC=CC=C1)C2=CC=CC=N2
phenoxybenzamine	CC(COC1=CC=CC=C1)N(CCCl)CC2=CC=CC=C2
phensuximide	CN1C(=O)CC(C1=O)C2=CC=CC=C2
phentolamine	CC1=CC=C(C=C1)N(CC2=NCCN2)C3=CC(=CC=C3)O
phenylpropanolamine	C[C@H]([C@H](C1=CC=CC=C1)O)N
phthalylsulfathiazole	C1=CC=C(C(=C1)C(=O)NC2=CC=C(C=C2)S(=O)(=O)NC3=NC=CS3)C(=O)O
physostigmine	C[C@@]12CCN([C@@H]1N(C3=C2C=C(C=C3)OC(=O)NC)C)C
picotamide	COC1=C(C=C(C=C1)C(=O)NCC2=CN=CC=C2)C(=O)NCC3=CN=CC=C3
pilocarpine	CC[C@H]1[C@H](COC1=O)CC2=CN=CN2C
pimethixene	CN1CCC(=C2C3=CC=CC=C3SC4=CC=CC=C42)CC1
pimozide	C1CN(CCC1N2C3=CC=CC=C3NC2=O)CCCC(C4=CC=C(C=C4)F)C5=CC=C(C=C5)F
pinacidil	CC(C(C)(C)C)N=C(NC#N)NC1=CC=NC=C1
pindolol	CC(C)NCC(COC1=CC=CC2=C1C=CN2)O
pioglitazone	CCC1=CN=C(C=C1)CCOC2=CC=C(C=C2)CC3C(=O)NC(=O)S3
piperacetazine	CC(=O)C1=CC2=C(C=C1)SC3=CC=CC=C3N2CCCN4CCC(CC4)CCO
piperacillin	CCN1CCN(C(=O)C1=O)C(=O)N[C@H](C2=CC=CC=C2)C(=O)N[C@H]3[C@@H]4N(C3=O)[C@H](C(S4)(C)C)C(=O)O
piperidolate	CCN1CCCC(C1)OC(=O)C(C2=CC=CC=C2)C3=CC=CC=C3
piperine	C1CCN(CC1)C(=O)/C=C/C=C/C2=CC3=C(C=C2)OCO3
piperlongumine	COC1=CC(=CC(=C1OC)OC)/C=C/C(=O)N2CCC=CC2=O
piracetam	C1CC(=O)N(C1)CC(=O)N
pirenperone	CC1=C(C(=O)N2C=CC=CC2=N1)CCN3CCC(CC3)C(=O)C4=CC=C(C=C4)F
pirenzepine	CN1CCN(CC1)CC(=O)N2C3=CC=CC=C3C(=O)NC4=C2N=CC=C4
piretanide	C1CCN(C1)C2=C(C(=CC(=C2)C(=O)O)S(=O)(=O)N)OC3=CC=CC=C3
piribedil	C1CN(CCN1CC2=CC3=C(C=C2)OCO3)C4=NC=CC=N4
pirlindole	CC1=CC2=C(C=C1)N3CCNC4C3=C2CCC4
piroxicam	CN1C(=C(C2=CC=CC=C2S1(=O)=O)O)C(=O)NC3=CC=CC=N3
pivampicillin	CC1([C@@H](N2[C@H](S1)[C@@H](C2=O)NC(=O)[C@@H](C3=CC=CC=C3)N)C(=O)OCOC(=O)C(C)(C)C)C
pivmecillinam	CC1([C@@H](N2[C@H](S1)[C@@H](C2=O)N=CN3CCCCCC3)C(=O)OCOC(=O)C(C)(C)C)C
pizotifen	CN1CCC(=C2C3=C(CCC4=CC=CC=C42)SC=C3)CC1
podophyllotoxin	COC1=CC(=CC(=C1OC)OC)[C@H]2[C@@H]3[C@H](COC3=O)[C@H](C4=CC5=C(C=C24)OCO5)O
practolol	CC(C)NCC(COC1=CC=C(C=C1)NC(=O)C)O
pralidoxime	CN\\1C=CC=C/C1=C\\[NH+]=O
pramocaine	CCCCOC1=CC=C(C=C1)OCCCN2CCOCC2
praziquantel	C1CCC(CC1)C(=O)N2CC3C4=CC=CC=C4CCN3C(=O)C2
prazosin	COC1=C(C=C2C(=C1)C(=NC(=N2)N3CCN(CC3)C(=O)C4=CC=CO4)N)OC
prednicarbate	CCC(=O)OCC(=O)[C@]1(CC[C@@H]2[C@@]1(C[C@@H]([C@H]3[C@H]2CCC4=CC(=O)C=C[C@]34C)O)C)OC(=O)OCC
prednisolone	C[C@]12C[C@@H]([C@H]3[C@H]([C@@H]1CC[C@@]2(C(=O)CO)O)CCC4=CC(=O)C=C[C@]34C)O
prednisone	C[C@]12CC(=O)[C@H]3[C@H]([C@@H]1CC[C@@]2(C(=O)CO)O)CCC4=CC(=O)C=C[C@]34C
pregnenolone	CC(=O)[C@H]1CC[C@@H]2[C@@]1(CC[C@H]3[C@H]2CC=C4[C@@]3(CC[C@@H](C4)O)C)C
prenylamine	CC(CC1=CC=CC=C1)NCCC(C2=CC=CC=C2)C3=CC=CC=C3
Prestwick-559	COC1=CC=CC=C1N2CCN(CC2)CCCCNC(=O)C3=CC4=CC=CC=C4C=C3
prilocaine	CCCNC(C)C(=O)NC1=CC=CC=C1C
primaquine	CC(CCCN)NC1=C2C(=CC(=C1)OC)C=CC=N2
primidone	CCC1(C(=O)NCNC1=O)C2=CC=CC=C2
proadifen	CCCC(C1=CC=CC=C1)(C2=CC=CC=C2)C(=O)OCCN(CC)CC
probenecid	CCCN(CCC)S(=O)(=O)C1=CC=C(C=C1)C(=O)O
probucol	CC(C)(C)C1=CC(=CC(=C1O)C(C)(C)C)SC(C)(C)SC2=CC(=C(C(=C2)C(C)(C)C)O)C(C)(C)C
procainamide	CCN(CC)CCNC(=O)C1=CC=C(C=C1)N
procaine	CCN(CC)CCOC(=O)C1=CC=C(C=C1)N
procarbazine	CC(C)NC(=O)C1=CC=C(C=C1)CNNC
prochlorperazine	CN1CCN(CC1)CCCN2C3=CC=CC=C3SC4=C2C=C(C=C4)Cl
procyclidine	C1CCC(CC1)C(CCN2CCCC2)(C3=CC=CC=C3)O
profenamine	CCN(CC)C(C)CN1C2=CC=CC=C2SC3=CC=CC=C31
progesterone	CC(=O)[C@H]1CC[C@@H]2[C@@]1(CC[C@H]3[C@H]2CCC4=CC(=O)CC[C@]34C)C
proglumide	CCCN(CCC)C(=O)C(CCC(=O)O)NC(=O)C1=CC=CC=C1
proguanil	CC(C)N=C(N)/N=C(\\N)/NC1=CC=C(C=C1)Cl
promazine	CN(C)CCCN1C2=CC=CC=C2SC3=CC=CC=C31
promethazine	CC(CN1C2=CC=CC=C2SC3=CC=CC=C31)N(C)C
pronetalol	CC(C)NCC(C1=CC2=CC=CC=C2C=C1)O
propafenone	CCCNCC(COC1=CC=CC=C1C(=O)CCC2=CC=CC=C2)O
propofol	CC(C)C1=C(C(=CC=C1)C(C)C)O
propoxycaine	CCCOC1=C(C=CC(=C1)N)C(=O)OCCN(CC)CC
propranolol	CC(C)NCC(COC1=CC=CC2=CC=CC=C21)O
propylthiouracil	CCCC1=CC(=O)NC(=S)N1
proscillaridin	C[C@H]1[C@@H]([C@H]([C@H]([C@@H](O1)O[C@H]2CC[C@@]3(C4CC[C@@]5([C@H](CC[C@@]5(C4CCC3=C2)O)C6=COC(=O)C=C6)C)C)O)O)O
protriptyline	CNCCCC1C2=CC=CC=C2C=CC3=CC=CC=C13
proxymetacaine	CCCOC1=C(C=C(C=C1)C(=O)OCCN(CC)CC)N
pseudopelletierine	CN1C2CCCC1CC(=O)C2
puromycin	CN(C)C1=NC=NC2=C1N=CN2[C@H]3[C@@H]([C@@H]([C@H](O3)CO)NC(=O)[C@H](CC4=CC=C(C=C4)OC)N)O
pyrantel	CN1CCCN=C1/C=C/C2=CC=CS2
pyrazinamide	C1=CN=C(C=N1)C(=O)N
pyridoxine	CC1=NC=C(C(=C1O)CO)CO
pyrimethamine	CCC1=C(C(=NC(=N1)N)N)C2=CC=C(C=C2)Cl
pyrithyldione	CCC1(C(=O)C=CNC1=O)CC
pyrvinium	CC1=CC(=C(N1C2=CC=CC=C2)C)/C=C/C3=[N+](C4=C(C=C3)C=C(C=C4)N(C)C)C
quercetin	C1=CC(=C(C=C1C2=C(C(=O)C3=C(C=C(C=C3O2)O)O)O)O)O
quinethazone	CCC1NC2=CC(=C(C=C2C(=O)N1)S(=O)(=O)N)Cl
quinidine	COC1=CC2=C(C=CN=C2C=C1)[C@@H]([C@H]3C[C@@H]4CCN3C[C@@H]4C=C)O
quinisocaine	CCCCC1=CC2=CC=CC=C2C(=N1)OCCN(C)C
quinpirole	CCCN1CCC[C@H]2[C@H]1CC3=C(C2)NN=C3
quipazine	C1CN(CCN1)C2=NC3=CC=CC=C3C=C2
racecadotril	CC(=O)SCC(CC1=CC=CC=C1)C(=O)NCC(=O)OCC2=CC=CC=C2
raloxifene	C1CCN(CC1)CCOC2=CC=C(C=C2)C(=O)C3=C(SC4=C3C=CC(=C4)O)C5=CC=C(C=C5)O
ramifenazone	CC1=C(C(=O)N(N1C)C2=CC=CC=C2)NC(C)C
ramipril	CCOC(=O)[C@H](CCC1=CC=CC=C1)N[C@@H](C)C(=O)N2[C@H]3CCC[C@H]3C[C@H]2C(=O)O
ranitidine	CN/C(=C/[N+](=O)[O-])/NCCSCC1=CC=C(O1)CN(C)C
remoxipride	CCN1CCC[C@H]1CNC(=O)C2=C(C=CC(=C2OC)Br)OC
repaglinide	CCOC1=C(C=CC(=C1)CC(=O)N[C@@H](CC(C)C)C2=CC=CC=C2N3CCCCC3)C(=O)O
rescinnamine	CO[C@H]1[C@@H](C[C@@H]2CN3CCC4=C([C@H]3C[C@@H]2[C@@H]1C(=O)OC)NC5=C4C=CC(=C5)OC)OC(=O)/C=C/C6=CC(=C(C(=C6)OC)OC)OC
reserpine	CO[C@H]1[C@@H](C[C@@H]2CN3CCC4=C([C@H]3C[C@@H]2[C@@H]1C(=O)OC)NC5=C4C=CC(=C5)OC)OC(=O)C6=CC(=C(C(=C6)OC)OC)OC
resveratrol	C1=CC(=CC=C1/C=C/C2=CC(=CC(=C2)O)O)O
retrorsine	C/C=C\\1/C[C@H]([C@@](C(=O)OCC2=CCN3[C@H]2[C@@H](CC3)OC1=O)(CO)O)C
ribavirin	C1=NC(=NN1[C@H]2[C@@H]([C@@H]([C@H](O2)CO)O)O)C(=O)N
riboflavin	CC1=CC2=C(C=C1C)N(C3=NC(=O)NC(=O)C3=N2)C[C@@H]([C@@H]([C@@H](CO)O)O)O
ribostamycin	C1[C@H]([C@@H]([C@H]([C@@H]([C@H]1N)O[C@@H]2[C@@H]([C@H]([C@@H]([C@H](O2)CN)O)O)N)O[C@H]3[C@@H]([C@@H]([C@H](O3)CO)O)O)O)N
ricinine	CN1C=CC(=C(C1=O)C#N)OC
rifabutin	C[C@H]1/C=C/C=C(\\C(=O)NC2=C3C(=NC4(N3)CCN(CC4)CC(C)C)C5=C6C(=C(C(=C5C2=O)O)C)O[C@@](C6=O)(O/C=C/[C@@H]([C@H]([C@H]([C@@H]([C@@H]([C@@H]([C@H]1O)C)O)C)OC(=O)C)C)OC)C)/C
rifampicin	C[C@H]1/C=C/C=C(\\C(=O)NC\\2=C(C3=C(C(=C4C(=C3C(=O)/C2=C/NN5CCN(CC5)C)C(=O)[C@](O4)(O/C=C/[C@@H]([C@H]([C@H]([C@@H]([C@@H]([C@@H]([C@H]1O)C)O)C)OC(=O)C)C)OC)C)C)O)O)/C
rilmenidine	C1CC1C(C2CC2)NC3=NCCO3
riluzole	C1=CC2=C(C=C1OC(F)(F)F)SC(=N2)N
rimexolone	CCC(=O)[C@]1([C@@H](C[C@@H]2[C@@]1(C[C@@H]([C@H]3[C@H]2CCC4=CC(=O)C=C[C@]34C)O)C)C)C
risperidone	CC1=C(C(=O)N2CCCCC2=N1)CCN3CCC(CC3)C4=NOC5=C4C=CC(=C5)F
ritodrine	C[C@@H]([C@@H](C1=CC=C(C=C1)O)O)NCCC2=CC=C(C=C2)O
rofecoxib	CS(=O)(=O)C1=CC=C(C=C1)C2=C(C(=O)OC2)C3=CC=CC=C3
rolipram	COC1=C(C=C(C=C1)C2CC(=O)NC2)OC3CCCC3
rolitetracycline	C[C@@]1([C@H]2C[C@H]3[C@@H](C(=O)C(=C([C@]3(C(=O)C2=C(C4=C1C=CC=C4O)O)O)O)C(=O)NCN5CCCC5)N(C)C)O
ronidazole	CN1C(=CN=C1COC(=O)N)[N+](=O)[O-]
rosiglitazone	CN(CCOC1=CC=C(C=C1)CC2C(=O)NC(=O)S2)C3=CC=CC=N3
rotenone	CC(=C)[C@H]1CC2=C(O1)C=CC3=C2O[C@@H]4COC5=CC(=C(C=C5[C@@H]4C3=O)OC)OC
rottlerin	CC1=C(C(=C(C(=C1O)C(=O)C)O)CC2=C(C3=C(C(=C2O)C(=O)/C=C/C4=CC=CC=C4)OC(C=C3)(C)C)O)O
roxarsone	C1=CC(=C(C=C1[As](=O)(O)O)[N+](=O)[O-])O
roxithromycin	CC[C@@H]1[C@@]([C@@H]([C@H](/C(=N\\OCOCCOC)/[C@@H](C[C@@]([C@@H]([C@H]([C@@H]([C@H](C(=O)O1)C)O[C@H]2C[C@@]([C@H]([C@@H](O2)C)O)(C)OC)C)O[C@H]3[C@@H]([C@H](C[C@H](O3)C)N(C)C)O)(C)O)C)C)O)(C)O
salbutamol	CC(C)(C)NCC(C1=CC(=C(C=C1)O)CO)O
salsolinol	C[C@H]1C2=CC(=C(C=C2CCN1)O)O
saquinavir	CC(C)(C)NC(=O)[C@@H]1C[C@@H]2CCCC[C@@H]2CN1C[C@H]([C@H](CC3=CC=CC=C3)NC(=O)[C@H](CC(=O)N)NC(=O)C4=NC5=CC=CC=C5C=C4)O
SB-202190	C1=CC(=O)C=CC1=C2NC(=C(N2)C3=CC=NC=C3)C4=CC=C(C=C4)F
SB-203580	CS(=O)C1=CC=C(C=C1)C2=NC(=C(N2)C3=CC=NC=C3)C4=CC=C(C=C4)F
SC-19220	CC(=O)NNC(=O)N1CC2=CC=CC=C2OC3=C1C=C(C=C3)Cl
SC-560	COC1=CC=C(C=C1)N2C(=CC(=N2)C(F)(F)F)C3=CC=C(C=C3)Cl
scopolamine	CN1C2CC(CC1C3C2O3)OC(=O)C(CO)C4=CC=CC=C4
scoulerine	COC1=C(C2=C(C[C@H]3C4=CC(=C(C=C4CCN3C2)OC)O)C=C1)O
scriptaid	C1=CC2=C3C(=C1)C(=O)N(C(=O)C3=CC=C2)CCCCCC(=O)NO
securinine	C1CCN2[C@H](C1)[C@]34C[C@H]2C=CC3=CC(=O)O4
selegiline	C[C@H](CC1=CC=CC=C1)N(C)CC#C
seneciphylline	C/C=C\\1/CC(=C)[C@@](C(=O)OCC2=CCN3[C@H]2[C@@H](CC3)OC1=O)(C)O
serotonin	C1=CC2=C(C=C1O)C(=CN2)CCN
sertaconazole	C1=CC2=C(C(=C1)Cl)SC=C2COC(CN3C=CN=C3)C4=C(C=C(C=C4)Cl)Cl
simvastatin	CCC(C)(C)C(=O)O[C@H]1C[C@H](C=C2[C@H]1[C@H]([C@H](C=C2)C)CC[C@@H]3C[C@H](CC(=O)O3)O)C
sirolimus	C[C@@H]1CC[C@H]2C[C@@H](/C(=C/C=C/C=C/[C@H](C[C@H](C(=O)[C@@H]([C@@H](/C(=C/[C@H](C(=O)C[C@H](OC(=O)[C@@H]3CCCCN3C(=O)C(=O)[C@@]1(O2)O)[C@H](C)C[C@@H]4CC[C@H]([C@@H](C4)OC)O)C)/C)O)OC)C)C)/C)OC
sisomicin	C[C@@]1(CO[C@@H]([C@@H]([C@H]1NC)O)O[C@H]2[C@@H](C[C@@H]([C@H]([C@@H]2O)O[C@@H]3[C@@H](CC=C(O3)CN)N)N)N)O
skimmianine	COC1=C(C2=C(C=C1)C(=C3C=COC3=N2)OC)OC
solanine	C[C@H]1CC[C@@H]2[C@H]([C@H]3[C@@H](N2C1)C[C@@H]4[C@@]3(CC[C@H]5[C@H]4CC=C6[C@@]5(CC[C@@H](C6)O[C@H]7[C@@H]([C@H]([C@H]([C@H](O7)CO)O)O[C@H]8[C@@H]([C@H]([C@@H]([C@H](O8)CO)O)O)O)O[C@H]9[C@@H]([C@@H]([C@H]([C@@H](O9)C)O)O)O)C)C)C
sotalol	CC(C)NCC(C1=CC=C(C=C1)NS(=O)(=O)C)O
spectinomycin	C[C@@H]1CC(=O)[C@]2([C@@H](O1)O[C@@H]3[C@H]([C@@H]([C@@H]([C@@H]([C@H]3O2)NC)O)NC)O)O
spiperone	C1CN(CCC12C(=O)NCN2C3=CC=CC=C3)CCCC(=O)C4=CC=C(C=C4)F
spiramycin	C[C@@H]1C/C=C/C=C/[C@@H]([C@@H](C[C@@H]([C@@H]([C@H]([C@@H](CC(=O)O1)O)OC)OC2C(C(C(C(O2)C)OC3CC(C(C(O3)C)O)(C)O)N(C)C)O)CC=O)C)OC4CCC(C(O4)C)N(C)C
spironolactone	CC(=O)S[C@@H]1CC2=CC(=O)CC[C@@]2([C@@H]3[C@@H]1[C@@H]4CC[C@]5([C@]4(CC3)C)CCC(=O)O5)C
SR-95639A	C1CC2=CC=CC=C2C3=NN=C(C=C3C1)NCCN4CCOCC4
staurosporine	C[C@@]12[C@@H]([C@@H](C[C@@H](O1)N3C4=CC=CC=C4C5=C6C(=C7C8=CC=CC=C8N2C7=C53)CNC6=O)NC)OC
strophanthidin	C[C@]12CC[C@H]3[C@H]([C@]1(CC[C@@H]2C4=CC(=O)OC4)O)CC[C@]5([C@@]3(CC[C@@H](C5)O)C=O)O
succinylsulfathiazole	C1=CC(=CC=C1NC(=O)CCC(=O)O)S(=O)(=O)NC2=NC=CS2
sulconazole	C1=CC(=CC=C1CSC(CN2C=CN=C2)C3=C(C=C(C=C3)Cl)Cl)Cl
sulfabenzamide	C1=CC=C(C=C1)C(=O)NS(=O)(=O)C2=CC=C(C=C2)N
sulfacetamide	CC(=O)NS(=O)(=O)C1=CC=C(C=C1)N
sulfachlorpyridazine	C1=CC(=CC=C1N)S(=O)(=O)NC2=NN=C(C=C2)Cl
sulfadiazine	C1=CN=C(N=C1)[N-]S(=O)(=O)C2=CC=C(C=C2)N.[Ag+]
sulfadimethoxine	COC1=NC(=NC(=C1)NS(=O)(=O)C2=CC=C(C=C2)N)OC
sulfadimidine	CC1=CC(=NC(=N1)NS(=O)(=O)C2=CC=C(C=C2)N)C
sulfadoxine	COC1=C(N=CN=C1OC)NS(=O)(=O)C2=CC=C(C=C2)N
sulfafurazole	CC1=C(ON=C1C)NS(=O)(=O)C2=CC=C(C=C2)N
sulfaguanidine	C1=CC(=CC=C1N)S(=O)(=O)N=C(N)N
sulfamerazine	CC1=NC(=NC=C1)NS(=O)(=O)C2=CC=C(C=C2)N
sulfamethizole	CC1=NN=C(S1)NS(=O)(=O)C2=CC=C(C=C2)N
sulfamethoxazole	CC1=CC(=NO1)NS(=O)(=O)C2=CC=C(C=C2)N
sulfamethoxypyridazine	COC1=NN=C(C=C1)NS(=O)(=O)C2=CC=C(C=C2)N
sulfamonomethoxine	COC1=NC=NC(=C1)NS(=O)(=O)C2=CC=C(C=C2)N
sulfaphenazole	C1=CC=C(C=C1)N2C(=CC=N2)NS(=O)(=O)C3=CC=C(C=C3)N
sulfapyridine	C1=CC=NC(=C1)NS(=O)(=O)C2=CC=C(C=C2)N
sulfaquinoxaline	C1=CC=C2C(=C1)N=CC(=N2)NS(=O)(=O)C3=CC=C(C=C3)N
sulfasalazine	C1=CC=NC(=C1)NS(=O)(=O)C2=CC=C(C=C2)N/N=C\\3/C=CC(=O)C(=C3)C(=O)O
sulfathiazole	C1=CC(=CC=C1N)S(=O)(=O)NC2=NC=CS2
sulfinpyrazone	C1=CC=C(C=C1)N2C(=O)C(C(=O)N2C3=CC=CC=C3)CCS(=O)C4=CC=CC=C4
sulindac	CC\\1=C(C2=C(/C1=C\\C3=CC=C(C=C3)S(=O)C)C=CC(=C2)F)CC(=O)O
sulmazole	COC1=C(C=CC(=C1)S(=O)C)C2=NC3=C(N2)C=NC=C3
suloctidil	CCCCCCCCN[C@H](C)[C@H](C1=CC=C(C=C1)SC(C)C)O
sulpiride	CCN1CCC(C1)CNC(=O)C2=C(C=CC(=C2)S(=O)(=O)N)OC
suprofen	CC(C1=CC=C(C=C1)C(=O)C2=CC=CS2)C(=O)O
suxibuzone	CCCCC1(C(=O)N(N(C1=O)C2=CC=CC=C2)C3=CC=CC=C3)COC(=O)CCC(=O)O
syrosingopine	CCOC(=O)OC1=C(C=C(C=C1OC)C(=O)O[C@@H]2C[C@@H]3CN4CCC5=C([C@H]4C[C@@H]3[C@@H]([C@H]2OC)C(=O)OC)NC6=C5C=CC(=C6)OC)OC
tacrine	C1CCC2=NC3=CC=CC=C3C(=C2C1)N
tacrolimus	C[C@@H]1C[C@@H]([C@@H]2[C@H](C[C@H]([C@@](O2)(C(=O)C(=O)N3CCCC[C@H]3C(=O)O[C@@H]([C@@H]([C@H](CC(=O)[C@@H](/C=C(/C1)\\C)CC=C)O)C)/C(=C/[C@@H]4CC[C@H]([C@@H](C4)OC)O)/C)O)C)OC)OC
talampicillin	CC1([C@@H](N2[C@H](S1)[C@@H](C2=O)NC(=O)[C@@H](C3=CC=CC=C3)N)C(=O)OC4C5=CC=CC=C5C(=O)O4)C
tamoxifen	CC/C(=C(/C1=CC=CC=C1)\\C2=CC=C(C=C2)OCCN(C)C)/C3=CC=CC=C3
tanespimycin	C[C@H]1C[C@@H]([C@@H]([C@H](/C=C(/[C@@H]([C@H](/C=C\\C=C(\\C(=O)NC2=CC(=O)C(=C(C1)C2=O)NCC=C)/C)OC)OC(=O)N)\\C)C)O)OC
telenzepine	CC1=C2C(=CS1)C(=O)NC3=CC=CC=C3N2C(=O)CN4CCN(CC4)C
tenoxicam	CN1C(=C(C2=C(S1(=O)=O)C=CS2)O)C(=O)NC3=CC=CC=N3
terazosin	COC1=C(C=C2C(=C1)C(=NC(=N2)N3CCN(CC3)C(=O)C4CCCO4)N)OC
terbutaline	CC(C)(C)NCC(C1=CC(=CC(=C1)O)O)O
terconazole	CC(C)N1CCN(CC1)C2=CC=C(C=C2)OC[C@H]3CO[C@](O3)(CN4C=NC=N4)C5=C(C=C(C=C5)Cl)Cl
terfenadine	CC(C)(C)C1=CC=C(C=C1)C(CCCN2CCC(CC2)C(C3=CC=CC=C3)(C4=CC=CC=C4)O)O
terguride	CCN(CC)C(=O)N[C@@H]1C[C@H]2[C@@H](CC3=CNC4=CC=CC2=C34)N(C1)C
testosterone	C[C@]12CC[C@H]3[C@H]([C@@H]1CC[C@@H]2O)CCC4=CC(=O)CC[C@]34C
tetracaine	CCCCNC1=CC=C(C=C1)C(=O)OCCN(C)C.Cl
tetracycline	C[C@@]1([C@H]2C[C@H]3[C@@H](C(=O)C(=C([C@]3(C(=O)C2=C(C4=C1C=CC=C4O)O)O)O)C(=O)N)N(C)C)O
tetraethylenepentamine	C(CNCCNCCNCCN)N
tetramisole	C1CSC2=NC(CN21)C3=CC=CC=C3
tetroquinone	C1(=C(C(=O)C(=C(C1=O)O)O)O)O
tetryzoline	C1CC(C2=CC=CC=C2C1)C3=NCCN3
thalidomide	C1CC(=O)NC(=O)C1N2C(=O)C3=CC=CC=C3C2=O
thapsigargin	CCCCCCCC(=O)OC1C2C(=C(C1OC(=O)/C(=C/C)/C)C)C3C(C(CC2(C)OC(=O)C)OC(=O)CCC)(C(C(=O)O3)(C)O)O
theobromine	CN1C=NC2=C1C(=O)NC(=O)N2C
theophylline	CN1C2=C(C(=O)N(C1=O)C)NC=N2
thiamine	CC1=C(SC=[N+]1CC2=CN=C(N=C2N)C)CCO
thiamphenicol	CS(=O)(=O)C1=CC=C(C=C1)[C@H]([C@@H](CO)NC(=O)C(Cl)Cl)O
thiethylperazine	CCSC1=CC2=C(C=C1)SC3=CC=CC=C3N2CCCN4CCN(CC4)C
thiocolchicoside	CC(=O)NC1CCC2=CC(=C(C(=C2C3=CC=C(C(=O)C=C13)SC)OC)OC)O[C@H]4[C@@H]([C@H]([C@@H]([C@H](O4)CO)O)O)O
thioperamide	C1CCC(CC1)NC(=S)N2CCC(CC2)C3=CN=CN3
thioproperazine	CN1CCN(CC1)CCCN2C3=CC=CC=C3SC4=C2C=C(C=C4)S(=O)(=O)N(C)C
thioridazine	CN1CCCCC1CCN2C3=CC=CC=C3SC4=C2C=C(C=C4)SC
thiostrepton	CCC(C)C1C(=O)NC(C(=O)NC(=C)C(=O)NC(C(=O)NC23CCC(=NC2C4=CSC(=N4)C(C(OC(=O)C5=NC6=C(C=CC(C6O)N1)C(=C5)C(C)O)C)NC(=O)C7=CSC(=N7)C(NC(=O)C8CSC(=N8)/C(=C\\C)/NC(=O)C(NC(=O)C9=CSC3=N9)C(C)O)C(C)(C(C)O)O)C1=NC(=CS1)C(=O)NC(=C)C(=O)NC(=C)C(=O)N)C)C
tiabendazole	C1=CC=C2C(=C1)NC(=N2)C3=CSC=N3
tiapride	CCN(CC)CCNC(=O)C1=C(C=CC(=C1)S(=O)(=O)C)OC
ticarcillin	CC1([C@@H](N2[C@H](S1)[C@@H](C2=O)NC(=O)[C@@H](C3=CSC=C3)C(=O)O)C(=O)O)C
ticlopidine	C1CN(CC2=C1SC=C2)CC3=CC=CC=C3Cl
tiletamine	CCNC1(CCCCC1=O)C2=CC=CS2
timolol	CC(C)(C)NC[C@@H](COC1=NSN=C1N2CCOCC2)O
tinidazole	CCS(=O)(=O)CCN1C(=NC=C1[N+](=O)[O-])C
tioguanine	C1=NC2=C(N1)C(=S)N=C(N2)N
tiratricol	C1=CC(=C(C=C1OC2=C(C=C(C=C2I)CC(=O)O)I)I)O
tocainide	CC1=C(C(=CC=C1)C)NC(=O)C(C)N
todralazine	CCOC(=O)NNC1=NN=CC2=CC=CC=C21
tolazamide	CC1=CC=C(C=C1)S(=O)(=O)NC(=O)NN2CCCCCC2
tolazoline	C1CN=C(N1)CC2=CC=CC=C2
tolbutamide	CCCCNC(=O)NS(=O)(=O)C1=CC=C(C=C1)C
tolmetin	CC1=CC=C(C=C1)C(=O)C2=CC=C(N2C)CC(=O)O
tolnaftate	CC1=CC(=CC=C1)N(C)C(=S)OC2=CC3=CC=CC=C3C=C2
tomelukast	CCCC1=C(C=CC(=C1O)C(=O)C)OCCCCC2=NNN=N2
topiramate	CC1(O[C@@H]2CO[C@@]3([C@H]([C@@H]2O1)OC(O3)(C)C)COS(=O)(=O)N)C
torasemide	CC1=CC(=CC=C1)NC2=C(C=NC=C2)S(=O)(=O)NC(=O)NC(C)C
tracazolate	CCCCNC1=C2C=NN(C2=NC(=C1C(=O)OCC)C)CC
tranylcypromine	C1[C@H]([C@@H]1N)C2=CC=CC=C2
trapidil	CCN(CC)C1=CC(=NC2=NC=NN12)C
trazodone	C1CN(CCN1CCCN2C(=O)N3C=CC=CC3=N2)C4=CC(=CC=C4)Cl
tremorine	C1CCN(C1)CC#CCN2CCCC2
tretinoin	CC1=C(C(CCC1)(C)C)/C=C/C(=C/C=C/C(=C/C(=O)O)/C)/C
triamcinolone	C[C@]12C[C@@H]([C@]3([C@H]([C@@H]1C[C@H]([C@@]2(C(=O)CO)O)O)CCC4=CC(=O)C=C[C@@]43C)F)O
triamterene	C1=CC=C(C=C1)C2=NC3=C(N=C2N)N=C(N=C3N)N
tribenoside	CCOC1[C@@H]([C@H]([C@H](O1)C(COCC2=CC=CC=C2)OCC3=CC=CC=C3)OCC4=CC=CC=C4)O
trichlormethiazide	C1=C2C(=CC(=C1Cl)S(=O)(=O)N)S(=O)(=O)NC(N2)C(Cl)Cl
tridihexethyl	CC[N+](CC)(CC)CCC(C1CCCCC1)(C2=CC=CC=C2)O
trifluoperazine	CN1CCN(CC1)CCCN2C3=CC=CC=C3SC4=C2C=C(C=C4)C(F)(F)F
triflupromazine	CN(C)CCCN1C2=CC=CC=C2SC3=C1C=C(C=C3)C(F)(F)F
trifluridine	C1[C@@H]([C@H](O[C@H]1N2C=C(C(=O)NC2=O)C(F)(F)F)CO)O
triflusal	CC(=O)OC1=C(C=CC(=C1)C(F)(F)F)C(=O)O
trihexyphenidyl	C1CCC(CC1)C(CCN2CCCCC2)(C3=CC=CC=C3)O
trimetazidine	COC1=C(C(=C(C=C1)CN2CCNCC2)OC)OC
trimethadione	CC1(C(=O)N(C(=O)O1)C)C
trimethobenzamide	CN(C)CCOC1=CC=C(C=C1)CNC(=O)C2=CC(=C(C(=C2)OC)OC)OC
trimethoprim	COC1=CC(=CC(=C1OC)OC)CC2=CN=C(N=C2N)N
trimipramine	CC(CN1C2=CC=CC=C2CCC3=CC=CC=C31)CN(C)C
triprolidine	CC1=CC=C(C=C1)/C(=C/CN2CCCC2)/C3=CC=CC=N3
troglitazone	CC1=C(C(=C2CCC(OC2=C1C)(C)COC3=CC=C(C=C3)CC4C(=O)NC(=O)S4)C)O
troleandomycin	C[C@@H]1C[C@@H]([C@H]([C@@H](O1)O[C@H]2[C@@H](C[C@@]3(CO3)C(=O)[C@@H]([C@@H]([C@H]([C@H](OC(=O)[C@@H]([C@H]([C@@H]2C)O[C@H]4C[C@@H]([C@H]([C@@H](O4)C)OC(=O)C)OC)C)C)C)OC(=O)C)C)C)OC(=O)C)N(C)C
tropicamide	CCN(CC1=CC=NC=C1)C(=O)C(CO)C2=CC=CC=C2
TTNPB	C/C(=C/C1=CC=C(C=C1)C(=O)O)/C2=CC3=C(C=C2)C(CCC3(C)C)(C)C
tyloxapol	CC(C)(C)CC(C)(C)C1=CC=C(C=C1)O.C=O.C1CO1
urapidil	CN1C(=CC(=O)N(C1=O)C)NCCCN2CCN(CC2)C3=CC=CC=C3OC
valdecoxib	CC1=C(C(=NO1)C2=CC=CC=C2)C3=CC=C(C=C3)S(=O)(=O)N
vancomycin	C[C@H]1[C@H]([C@@](C[C@@H](O1)O[C@@H]2[C@H]([C@@H]([C@H](O[C@H]2OC3=C4C=C5C=C3OC6=C(C=C(C=C6)[C@H]([C@H](C(=O)N[C@H](C(=O)N[C@H]5C(=O)N[C@@H]7C8=CC(=C(C=C8)O)C9=C(C=C(C=C9[C@H](NC(=O)[C@H]([C@@H](C1=CC(=C(O4)C=C1)Cl)O)NC7=O)C(=O)O)O)O)CC(=O)N)NC(=O)[C@@H](CC(C)C)NC)O)Cl)CO)O)O)(C)N)O
vanoxerine	C1CN(CCN1CCCC2=CC=CC=C2)CCOC(C3=CC=C(C=C3)F)C4=CC=C(C=C4)F.Cl
velnacrine	C1CC(C2=C(C3=CC=CC=C3N=C2C1)N)O
verapamil	CC(C)C(CCCN(C)CCC1=CC(=C(C=C1)OC)OC)(C#N)C2=CC(=C(C=C2)OC)OC
verteporfin	CC1=C(C2=CC3=NC(=CC4=C(C(=C(N4)C=C5[C@@]6([C@@H](C(=CC=C6C(=N5)C=C1N2)C(=O)OC)C(=O)OC)C)C)CCC(=O)OC)C(=C3C)CCC(=O)O)C=C
vidarabine	C1=NC2=C(C(=N1)N)N=CN2[C@H]3[C@H]([C@@H]([C@H](O3)CO)O)O
vigabatrin	C=CC(CCC(=O)O)N
vinblastine	CC[C@@]1(C[C@H]2C[C@@](C3=C(CCN(C2)C1)C4=CC=CC=C4N3)(C5=C(C=C6C(=C5)[C@]78CCN9[C@H]7[C@@](C=CC9)([C@H]([C@@]([C@@H]8N6C)(C(=O)OC)O)OC(=O)C)CC)OC)C(=O)OC)O
vinburnine	CC[C@@]12CCCN3[C@@H]1C4=C(CC3)C5=CC=CC=C5N4C(=O)C2
vincamine	CC[C@@]12CCCN3[C@@H]1C4=C(CC3)C5=CC=CC=C5N4[C@](C2)(C(=O)OC)O
vinpocetine	CC[C@@]12CCCN3[C@@H]1C4=C(CC3)C5=CC=CC=C5N4C(=C2)C(=O)OCC
viomycin	C1[C@@H](NC(=N[C@H]1O)N)[C@H]2C(=O)NC[C@@H](C(=O)N[C@H](C(=O)N[C@H](C(=O)N/C(=C\\NC(=O)N)/C(=O)N2)CO)CO)NC(=O)C[C@H](CCCN)N
vitexin	C1=CC(=CC=C1C2=CC(=O)C3=C(O2)C(=C(C=C3O)O)C4[C@@H]([C@H]([C@@H]([C@H](O4)CO)O)O)O)O
vorinostat	C1=CC=C(C=C1)NC(=O)CCCCCCC(=O)NO
W-13	C1=CC2=C(C=CC(=C2)S(=O)(=O)NCCCCN)C(=C1)Cl
wortmannin	CC(=O)O[C@@H]1C[C@]2(C(CCC2=O)C3=C1[C@]4([C@H](OC(=O)C5=COC(=C54)C3=O)COC)C)C
xamoterol	C1COCCN1C(=O)NCCNCC(COC2=CC=C(C=C2)O)O
xylazine	CC1=C(C(=CC=C1)C)NC2=NCCCS2
xylometazoline	CC1=CC(=CC(=C1CC2=NCCN2)C)C(C)(C)C
Y-27632	C[C@H](C1CCC(CC1)C(=O)NC2=CC=NC=C2)N
yohimbine	COC(=O)[C@H]1[C@H](CC[C@@H]2[C@@H]1C[C@H]3C4=C(CCN3C2)C5=CC=CC=C5N4)O
zalcitabine	C1C[C@@H](O[C@@H]1CO)N2C=CC(=NC2=O)N
zaprinast	CCCOC1=CC=CC=C1C2=NC(=O)C3=NNNC3=N2
zardaverine	COC1=C(C=CC(=C1)C2=NNC(=O)C=C2)OC(F)F
zidovudine	CC1=CN(C(=O)NC1=O)[C@H]2C[C@@H]([C@H](O2)CO)N=[N+]=[N-]
zoxazolamine	C1=CC2=C(C=C1Cl)N=C(O2)N
zuclopenthixol	C1CN(CCN1CC/C=C\\2/C3=CC=CC=C3SC4=C2C=C(C=C4)Cl)CCO
chlorpropamide	CCCNC(=O)NS(=O)(=O)C1=CC=C(C=C1)Cl
ciclosporin	CC[C@H]1C(=O)N(CC(=O)N([C@H](C(=O)N[C@H](C(=O)N([C@H](C(=O)N[C@H](C(=O)N[C@@H](C(=O)N([C@H](C(=O)N([C@H](C(=O)N([C@H](C(=O)N([C@H](C(=O)N1)[C@@H]([C@H](C)C/C=C/C)O)C)C(C)C)C)CC(C)C)C)CC(C)C)C)C)C)CC(C)C)C)C(C)C)CC(C)C)C)C
flufenamic acid	C1=CC=C(C(=C1)C(=O)O)NC2=CC=CC(=C2)C(F)(F)F
deferoxamine	CC(=O)N(CCCCCNC(=O)CCC(=O)N(CCCCCNC(=O)CCC(=O)N(CCCCCN)O)O)O
3-hydroxy-DL-kynurenine	C1=CC(=C(C(=C1)O)N)C(=O)CC(C(=O)O)N
thioguanosine	C1=NC2=C(N1[C@H]3[C@@H]([C@@H]([C@H](O3)CO)O)O)N=C(N=C2[S-])N
N6-methyladenosine	CNC1=C2C(=NC=N1)N(C=N2)[C@H]3[C@@H]([C@@H]([C@H](O3)CO)O)O
dequalinium chloride	CC1=[N+](C2=CC=CC=C2C(=C1)N)CCCCCCCCCC[N+]3=C(C=C(C4=CC=CC=C43)N)C.[Cl-].[Cl-]
fusidic acid	C[C@@H]1[C@@H](CC[C@]2(C1CC[C@]3([C@H]2[C@@H](C[C@@H]\4[C@@]3(C[C@@H](/C4=C(/CCC=C(C)C)\C(=O)[O-])OC(=O)C)C)O)C)C)O.[Na+]
coralyne	CC1=C2C=C(C(=CC2=CC3=[N+]1C=CC4=CC(=C(C=C43)OC)OC)OC)OC.[Cl-]
arecoline	CN1CCC=C(C1)C(=O)OC.Br
carcinine	C1=C(NC=N1)CCNC(=O)CCN
fusaric acid	CCCCC1=CN=C(C=C1)C(=O)O
lactobionic acid	C([C@@H]1[C@@H]([C@@H]([C@H]([C@@H](O1)O[C@H]([C@@H](CO)O)[C@@H]([C@H](C(=O)O)O)O)O)O)O)O
calcium pantothenate	CC(C)(CO)C(C(=O)NCCC(=O)[O-])O.CC(C)(CO)C(C(=O)NCCC(=O)[O-])O.[Ca+2]
levothyroxine sodium	C1=C(C=C(C(=C1I)OC2=CC(=C(C(=C2)I)O)I)I)C[C@@H](C(=O)O)N
SR-95531	COC1=CC=C(C=C1)C2=NN(C(=N)C=C2)CCCC(=O)O
dl-alpha tocopherol	CC1=C(C2=C(CC[C@@](O2)(C)CCCC(C)CCCC(C)CCCC(C)C)C(=C1O)C)C
7-aminocephalosporanic acid	CC(=O)OCC1=C(N2[C@@H]([C@@H](C2=O)N)SC1)C(=O)O
ginkgolide A	C[C@@H]1C(=O)O[C@@H]2[C@]1([C@@]34C(=O)O[C@H]5C3(C2)C6([C@@H](C5)C(C)(C)C)[C@H](C(=O)OC6O4)O)O
N-acetylmuramic acid	C[C@H](C(=O)O)O[C@H]([C@H](C=O)NC(=O)C)[C@@H]([C@@H](CO)O)O
N-acetyl-L-aspartic acid	CC(=O)N[C@@H](CC(=O)O)C(=O)O
Chicago Sky Blue 6B	COC1=C(C=CC(=C1)C2=CC(=C(C=C2)N=NC3=C(C4=C(C=C3)C(=CC(=C4N)S(=O)(=O)O)S(=O)(=O)[O-])[O-])OC)N=NC5=C(C6=C(C=C5)C(=CC(=C6N)S(=O)(=O)O)S(=O)(=O)[O-])[O-].[Na+].[Na+].[Na+].[Na+]
bacampicillin	CCOC(=O)OC(C)OC(=O)[C@H]1C(S[C@H]2N1C(=O)[C@H]2NC(=O)[C@@H](C3=CC=CC=C3)N)(C)C.Cl
betulinic acid	CC(=C)[C@@H]1CC[C@]2([C@H]1[C@H]3CC[C@@H]4[C@]5(CC[C@@H](C([C@@H]5CC[C@]4([C@@]3(CC2)C)C)(C)C)O)C)C(=O)O
chlorogenic acid	C1[C@H]([C@H]([C@@H](C[C@@]1(C(=O)O)O)OC(=O)/C=C/C2=CC(=C(C=C2)O)O)O)O
atropine oxide	C[N+]1([C@@H]2CC[C@H]1CC(C2)OC(=O)C(CO)C3=CC=CC=C3)[O-].Cl
isoconazole	C1=CC(=C(C(=C1)Cl)COC(CN2C=CN=C2)C3=C(C=C(C=C3)Cl)Cl)Cl
gallamine triethiodide	CC[N+](CC)(CC)CCOC1=C(C(=CC=C1)OCC[N+](CC)(CC)CC)OCC[N+](CC)(CC)CC.[I-].[I-].[I-]
aminophenazone	CC1=C(C(=O)N(N1C)C2=CC=CC=C2)N(C)C
acetylsalicylsalicylic acid	CC(=O)OC1=CC=CC=C1C(=O)OC2=CC=CC=C2C(=O)O
tranexamic acid	C1CC(CCC1CN)C(=O)O
pentetrazol	C1CCC2=NN=NN2CC1
levamisole	C1CSC2=N[C@H](CN21)C3=CC=CC=C3.Cl
antimycin A	CCCCCC[C@@H]1[C@H]([C@@H](OC(=O)[C@H]([C@H](OC1=O)C)NC(=O)C2=C(C(=CC=C2)NC=O)O)C)OC(=O)CC(C)C
scopolamine N-oxide	C[N+]1([C@@H]2CC(C[C@H]1[C@H]3[C@@H]2O3)OC(=O)[C@@H](CO)C4=CC=CC=C4)[O-].Br
oxolinic acid	CCN1C=C(C(=O)C2=CC3=C(C=C21)OCO3)C(=O)O
chlorphenesin	C1=CC(=CC=C1OCC(COC(=O)N)O)Cl
tolfenamic acid	CC1=C(C=CC=C1Cl)NC2=CC=CC=C2C(=O)O
metampicillin	CC1([C@@H](N2[C@H](S1)[C@@H](C2=O)NC(=O)[C@@H](C3=CC=CC=C3)N=C)C(=O)[O-])C.[Na+]
meclofenamic acid	CC1=C(C(=C(C=C1)Cl)NC2=CC=CC=C2C(=O)[O-])Cl.[Na+]
amprolium	CCCC1=NC=C(C(=N1)N)C[N+]2=CC=CC=C2C.Cl.[Cl-]
hexamethonium bromide	C[N+](C)(C)CCCCCC[N+](C)(C)C.[Br-].[Br-]
diphemanil metilsulfate	C[N+]1(CCC(=C(C2=CC=CC=C2)C3=CC=CC=C3)CC1)C.COS(=O)(=O)[O-]
4-hydroxyphenazone	CC1=C(C(=O)N(N1C)C2=CC=CC=C2)O
zimeldine	CN(C)C/C=C(/C1=CC=C(C=C1)Br)\C2=CN=CC=C2.O.Cl.Cl
oleandomycin	C[C@H]1C[C@]2(CO2)C(=O)[C@@H]([C@H]([C@H]([C@H](OC(=O)[C@@H]([C@H]([C@@H]([C@H]1OC3C(C(CC(O3)C)N(C)C)O)C)OC4CC(C(C(O4)C)O)OC)C)C)C)O)C.OP(=O)(O)O
edrophonium chloride	CC[N+](C)(C)C1=CC(=CC=C1)O.[Cl-]
dehydrocholic acid	C[C@H](CCC(=O)O)[C@H]1CC[C@@H]2[C@@]1(C(=O)C[C@H]3[C@H]2C(=O)C[C@H]4[C@@]3(CCC(=O)C4)C)C
midecamycin	CCC(=O)O[C@@H]1CC(=O)O[C@@H](C/C=C/C=C\[C@@H]([C@@H](C[C@@H]([C@@H]([C@H]1OC)O[C@H]2[C@@H]([C@H]([C@@H]([C@H](O2)C)O[C@H]3C[C@@]([C@H]([C@@H](O3)C)OC(=O)CC)(C)O)N(C)C)O)CC=O)C)O)C
hesperetin	COC1=C(C=C(C=C1)[C@@H]2CC(=O)C3=C(C=C(C=C3O2)O)O)O
aciclovir	C1=NC2=C(N1COCCO)N=C(NC2=O)N
etacrynic acid	CCC(=C)C(=O)C1=C(C(=C(C=C1)OCC(=O)O)Cl)Cl
streptomycin	C[C@H]1C([C@H]([C@@H](O1)O[C@@H]2[C@@H]([C@@H]([C@H]([C@H]([C@H]2O)O)N=C(N)N)O)N=C(N)N)O[C@H]3[C@H]([C@H]([C@H]([C@@H](O3)CO)O)O)NC)(C=O)O.C[C@H]1C([C@H]([C@@H](O1)O[C@@H]2[C@@H]([C@@H]([C@H]([C@H]([C@H]2O)O)N=C(N)N)O)N=C(N)N)O[C@H]3[C@H]([C@H]([C@H]([C@@H](O3)CO)O)O)NC)(C=O)O.OS(=O)(=O)O.OS(=O)(=O)O.OS(=O)(=O)O
hemicholinium	C[N+]1(CCOC(C1)(C2=CC=C(C=C2)C3=CC=C(C=C3)C4(C[N+](CCO4)(C)C)O)O)C.[Br-].[Br-]
ascorbic acid	C([C@@H]([C@@H]1C(=C(C(=O)O1)O)O)O)O
adenosine phosphate	C1=NC(=C2C(=N1)N(C=N2)[C@H]3[C@@H]([C@@H]([C@H](O3)COP(=O)(O)O)O)O)N.O
8-azaguanine	C12=NNN=C1N=C(NC2=O)N
dexpanthenol	CC(C)(CO)[C@H](C(=O)NCCCO)O
diprophylline	CN1C2=C(C(=O)N(C1=O)C)N(C=N2)CC(CO)O
mefenamic acid	CC1=C(C(=CC=C1)NC2=CC=CC=C2C(=O)O)C
atracurium besilate	C[N+]1(CCC2=CC(=C(C=C2C1CC3=CC(=C(C=C3)OC)OC)OC)OC)CCC(=O)OCCCCCOC(=O)CC[N+]4(CCC5=CC(=C(C=C5C4CC6=CC(=C(C=C6)OC)OC)OC)OC)C.C1=CC=C(C=C1)S(=O)(=O)[O-].C1=CC=C(C=C1)S(=O)(=O)[O-]
Trolox C	CC1=C(C2=C(CCC(O2)(C)C(=O)O)C(=C1O)C)C
tubocurarine chloride	CN1CCC2=CC(=C3C=C2[C@@H]1CC4=CC=C(C=C4)OC5=C6[C@@H](CC7=CC(=C(C=C7)O)O3)[N+](CCC6=CC(=C5O)OC)(C)C)OC.[Cl-]
hydrastine hydrochloride	CN1CCC2=CC3=C(C=C2[C@H]1[C@H]4C5=C(C(=C(C=C5)OC)OC)C(=O)O4)OCO3.Cl
10-methoxyharmalan	CC1=NCCC2=C1NC3=C2C=C(C=C3)OC
raubasine	C[C@H]1[C@H]2CN3CCC4=C([C@@H]3C[C@@H]2C(=CO1)C(=O)OC)NC5=CC=CC=C45.Cl
ajmaline	CC[C@H]1[C@@H]2C[C@H]3[C@H]4[C@@]5(C[C@@H]([C@H]2[C@H]5O)N3[C@@H]1O)C6=CC=CC=C6N4C
harmol	CC1=C2C(=C3C=CC(=O)C=C3N2)C=CN1
tomatidine	CC1CCC2(C(C3C(O2)CC4C3(CCC5C4CCC6C5(CCC(C6)O)C)C)C)NC1
tetrahydroalstonine	CC1[C@H]2CN3CCC4=C([C@H]3C[C@H]2C(=CO1)C(=O)OC)NC5=CC=CC=C45
cytisine	C1[C@@H]2CNC[C@@H]1C3=CC=CC(=O)N3C2
ipratropium bromide	CC(C)[N+]1([C@@H]2CC[C@H]1CC(C2)OC(=O)C(CO)C3=CC=CC=C3)C.[Br-]
1,4-chrysenequinone	C1=CC=C2C(=C1)C=CC3=C2C=CC4=C3C(=O)C=CC4=O
berberine	COC1=C(C2=C[N+]3=C(C=C2C=C1)C4=CC5=C(C=C4CC3)OCO5)OC.[Cl-]
convolamine	CN1[C@@H]2CC[C@H]1CC(C2)OC(=O)C3=CC(=C(C=C3)OC)OC
cinchonidine	C=C[C@@H]1CN2CC[C@H]1C[C@H]2[C@@H](C3=CC=NC4=CC=CC=C34)O
demecarium bromide	CN(CCCCCCCCCCN(C)C(=O)OC1=CC=CC(=C1)[N+](C)(C)C)C(=O)OC2=CC=CC(=C2)[N+](C)(C)C.[Br-].[Br-]
epivincamine	CC[C@@]12CCCN3[C@@H]1C4=C(CC3)C5=CC=CC=C5N4[C@@](C2)(C(=O)OC)O
aconitine	CCN1C[C@@]2([C@@H](C[C@@H]([C@]34C1[C@H]([C@@H](C23)OC)[C@]5([C@H]([C@@H]([C@]6(CC4C5[C@H]6OC(=O)C7=CC=CC=C7)O)OC)O)OC(=O)C)OC)O)COC
(+)-chelidonine	CN1CC2=C(C=CC3=C2OCO3)[C@@H]4[C@H]1C5=CC6=C(C=C5C[C@@H]4O)OCO6
isocorydine	CN1CCC2=CC(=C(C3=C2[C@@H]1CC4=C3C(=C(C=C4)OC)O)OC)OC
folic acid	C1=CC(=CC=C1C(=O)N[C@@H](CCC(=O)O)C(=O)O)NCC2=CN=C3C(=N2)C(=O)NC(=N3)N
canrenoic acid	C[C@]12CCC(=O)C=C1C=C[C@@H]3[C@@H]2CC[C@]4([C@H]3CC[C@]4(CCC(=O)O)O)C
ursolic acid	C[C@@H]1CC[C@@]2(CC[C@@]3(C(=CCC4[C@]3(CCC5[C@@]4(CC[C@@H](C5(C)C)O)C)C)[C@@H]2[C@H]1C)C)C(=O)O
sparteine	C1CCN2CC3CC([C@@H]2C1)CN4[C@H]3CCCC4
conessine	C[C@H]1[C@H]2CC[C@@H]3[C@@]2(CC[C@H]4[C@H]3CC=C5[C@@]4(CC[C@@H](C5)N(C)C)C)CN1C
co-dergocrine mesilate	C[C@@H](CO)NC(=O)[C@@H]1C[C@H]2[C@@H](CC3=CNC4=CC=CC2=C34)N(C1)C.CS(=O)(=O)O
palmatine	COC1=C(C2=C[N+]3=C(C=C2C=C1)C4=CC(=C(C=C4CC3)OC)OC)OC
canavanine	C(CON=C(N)N)[C@@H](C(=O)O)N.O.OS(=O)(=O)O
gramine	CN(C)CC1=CNC2=CC=CC=C21
protoveratrine A	CCC(C)C(=O)O[C@H]1[C@@H](C2C(CN3CC(CCC3[C@@]2(C)O)C)C4[C@@]1(C5[C@@H](C(C6[C@]7([C@]5(C4)O[C@@]6(C(CC7)OC(=O)C(C)(CC)O)O)C)OC(=O)C)OC(=O)C)O)O
trimethylcolchicinic acid	COC1=C(C(=C2C(=C1)CC[C@@H](C3=CC(=O)C(=CC=C32)O)N)OC)OC
yohimbic acid	C1C[C@@H]([C@@H]([C@H]2[C@@H]1CN3CCC4=C([C@@H]3C2)NC5=CC=CC=C45)C(=O)O)O.O
harmaline	CC1=NCCC2=C1NC3=C2C=CC(=C3)OC.O.O.Cl
harman	CC1=NC=CC2=C1NC3=CC=CC=C23.Cl
hydroxyachillin	C[C@H]1C2[C@H](CC(=C3C([C@H]2OC1=O)C(=CC3=O)C)C)O
Prestwick-642	C1[C@@H]([C@H](OC2=CC(=CC(=C21)O)O)C3=CC(=C(C=C3)O)O)O
picrotoxinin	CC(=C)C1[C@@H]2[C@@H]3[C@@]4([C@]([C@H]1C(=O)O2)(C[C@@H]5[C@]4(O5)C(=O)O3)O)C
canadine	COC1=C(C2=C(CC3C4=CC5=C(C=C4CCN3C2)OCO5)C=C1)OC
Prestwick-682	CC[N+]1([C@@H]2CC[C@H]1CC(C2)OC(=O)[C@@H]3CC[C@](C4=CC=CC=C34)(C5=CC=CC=C5)C(=O)OC6C[C@H]7CC[C@@H](C6)[N+]7(C)CC)C.[Cl-].[Cl-]
Prestwick-692	CC(=O)O[C@H]1[C@H]2[C@H]([C@H]3[C@@H]4[C@@]56[C@H]1[C@@]3(C[C@H]7[C@@H]5[C@@](C[C@@H]([C@H]6OC(=O)C)OC(=O)C8=CC=CC=C8)(CN74)C)CC2=C)O
mepenzolate bromide	C[N+]1(CCCC(C1)OC(=O)C(C2=CC=CC=C2)(C3=CC=CC=C3)O)C.[Br-]
solasodine	C[C@H]1[C@H]2[C@H](C[C@@H]3[C@@]2(CC[C@H]4[C@H]3CC=C5[C@@]4(CC[C@@H](C5)O)C)C)OC16CCC(CN6)C
eldeline	CCN1C[C@@]2(CC[C@@H]([C@@]34[C@@H]2[C@@H]([C@@]5(C31)[C@]6(C[C@@H]([C@H]7C[C@@]4([C@@H]6C7OC)O)OC)OCO5)OC(=O)C)OC)C
metamizole sodium	CC1=C(C(=O)N(N1C)C2=CC=CC=C2)N(C)CS(=O)(=O)[O-].O.[Na+]
Prestwick-674	CN1C2=CC=CC=C2C(=O)C=C1C3=CC4=C(C=C3)OCO4
bromopride	CCN(CC)CCNC(=O)C1=CC(=C(C=C1OC)N)Br
Prestwick-665	CC(C)(C(COC1=C(C2=C(C=C1)C(=C3C=COC3=N2)OC)OC)O)O
Prestwick-675	CN1CCC2=C[C@@H]([C@@H]3[C@H]([C@@H]21)C4=CC5=C(C=C4C(=O)O3)OCO5)O
Prestwick-685	C1C[C@H]2[C@@H]3CC[C@H]([C@H]2NC1)[C@H]4N3CCC5=C4NC6=CC=CC=C56.Cl.Cl
acacetin	COC1=CC=C(C=C1)C2=CC(=O)C3=C(C=C(C=C3O2)O)O
methylbenzethonium chloride	CC1=C(C=CC(=C1)C(C)(C)CC(C)(C)C)OCCOCC[N+](C)(C)CC2=CC=CC=C2.[Cl-]
lanatoside C	CC1C(C(C[C@H](O1)OC2CC[C@]3([C@@H](C2)CC[C@H]4[C@H]3CC([C@]5([C@@]4(CCC5C6=CC(=O)OC6)O)C)O)C)O)O[C@@H]7CC(C(C(O7)C)O[C@@H]8CC(C(C(O8)C)O[C@@H]9C(C(C(C(O9)CO)O)O)O)OC(=O)C)O
beta-escin	C/C=C(\C)/C(=O)O[C@H]1[C@@H]([C@@]2([C@@H](C[C@]3(C(=CCC4[C@]3(CCC5[C@@]4(CC[C@@H]([C@]5(C)CO)OC6C(C(C(C(O6)C(=O)O)OC7C(C(C(C(O7)CO)O)O)O)O)OC8C(C(C(C(O8)CO)O)O)O)C)C)C2CC1(C)C)C)O)CO)OC(=O)C
lycorine	C1CN2CC3=CC4=C(C=C3[C@H]5[C@H]2C1=C[C@@H]([C@H]5O)O)OCO4
myosmine	C1CC(=NC1)C2=CN=CC=C2
betonicine	C[N+]1(C[C@@H](C[C@H]1C(=O)[O-])O)C
nitrofurantoin	C1C(=O)NC(=O)N1/N=C/C2=CC=C(O2)[N+](=O)[O-]
pentolonium	C[N+]1(CCCC1)CCCCC[N+]2(CCCC2)C.[C@@H]([C@H](C(=O)[O-])O)(C(=O)O)O.[C@@H]([C@H](C(=O)[O-])O)(C(=O)O)O
difenidol	C1CCN(CC1)CCCC(C2=CC=CC=C2)(C3=CC=CC=C3)O.Cl
niflumic acid	C1=CC(=CC(=C1)NC2=C(C=CC=N2)C(=O)O)C(F)(F)F
chenodeoxycholic acid	C[C@H](CCC(=O)O)[C@H]1CC[C@@H]2[C@@]1(CC[C@H]3[C@H]2[C@@H](C[C@@H]4[C@@]3(CC[C@H](C4)O)C)O)C
neostigmine bromide	CN(C)C(=O)OC1=CC=CC(=C1)[N+](C)(C)C.[Br-]
colecalciferol	C[C@H](CCCC(C)C)[C@H]1CC[C@@H]\2[C@@]1(CCC/C2=C\C=C/3\C[C@H](CCC3=C)O)C
amphotericin B	C[C@H]1/C=C/C=C/C=C/C=C/C=C/C=C/C=C/[C@@H](C[C@H]2[C@@H]([C@H](C[C@@](O2)(C[C@H](C[C@H]([C@@H](CC[C@H](C[C@H](CC(=O)O[C@H]([C@@H]([C@@H]1O)C)C)O)O)O)O)O)O)O)C(=O)O)O[C@H]3[C@H]([C@H]([C@@H]([C@H](O3)C)O)N)O
ergocalciferol	C[C@H](C=C[C@H](C)C(C)C)[C@H]1CCC2[C@@]1(CCCC2=CC=C3C[C@H](CCC3=C)O)C
glycocholic acid	CC(CCC(=O)NCC(=O)O)[C@H]1CC[C@@H]2[C@@]1([C@H](C[C@H]3[C@H]2[C@@H](C[C@H]4[C@@]3(CC[C@H](C4)O)C)O)O)C
6-azathymine	CC1=NNC(=O)NC1=O
L-methionine sulfoximine	CS(=N)(=O)CC[C@@H](C(=O)O)N
tobramycin	C1[C@@H]([C@H]([C@@H]([C@H]([C@@H]1N)O[C@@H]2[C@@H]([C@H]([C@@H]([C@H](O2)CO)O)N)O)O)O[C@@H]3[C@@H](C[C@@H]([C@H](O3)CN)O)N)N
tiaprofenic acid	CC(C1=CC=C(S1)C(=O)C2=CC=CC=C2)C(=O)O
R-atenolol	CC(C)NC[C@H](COC1=CC=C(C=C1)CC(=O)N)O
benzethonium chloride	CC(C)(C)CC(C)(C)C1=CC=C(C=C1)OCCOCC[N+](C)(C)CC2=CC=CC=C2.[Cl-]
delsoline	CCN1C[C@@]2(CC[C@@H](C34[C@@H]2[C@@H](C(C31)([C@]5(C[C@@H]([C@H]6C[C@@H]4[C@@H]5[C@H]6OC)OC)O)O)OC)O)COC
trioxysalen	CC1=CC(=O)OC2=C1C=C3C=C(OC3=C2C)C
abamectin	CC[C@H](C)[C@@H]1[C@H](C=C[C@@]2(O1)C[C@@H]3C[C@H](O2)C/C=C(/[C@H]([C@H](/C=C/C=C/4\CO[C@H]5[C@@]4([C@@H](C=C([C@H]5O)C)C(=O)O3)O)C)O[C@H]6C[C@@H]([C@H]([C@@H](O6)C)O[C@H]7C[C@@H]([C@H]([C@@H](O7)C)O)OC)OC)\C)C
tetrandrine	CN1CCC2=CC(=C3C=C2[C@@H]1CC4=CC=C(C=C4)OC5=C(C=CC(=C5)C[C@H]6C7=C(O3)C(=C(C=C7CCN6C)OC)OC)OC)OC
fluorocurarine	C/C=C/1\C[N+]2(CC[C@@]34[C@@H]2C[C@@H]1C(=C3NC5=CC=CC=C45)C=O)C.[Cl-]
streptozocin	CN(C(=O)N[C@@H]1[C@H](C(C(O[C@@H]1O)CO)O)O)N=O
propidium iodide	CC[N+](C)(CC)CCC[N+]1=C2C=C(C=CC2=C3C=CC(=CC3=C1C4=CC=CC=C4)N)N.[I-].[I-]
pheneticillin	CC(C(=N[C@H]1[C@@H]2N(C1=O)[C@H](C(S2)(C)C)C(=O)O)[O-])OC3=CC=CC=C3.[K+]
glycopyrronium bromide	C[N+]1(CCC(C1)OC(=O)C(C2CCCC2)(C3=CC=CC=C3)O)C.[Br-]
thiamazole	CN1C=CNC1=S
lithocholic acid	C[C@H](CCC(=O)O)[C@H]1CC[C@@H]2[C@@]1(CC[C@H]3[C@H]2CC[C@H]4[C@@]3(CC[C@H](C4)O)C)C
alpha-ergocryptine	CC(C)C[C@H]1C(=O)N2CCC[C@H]2[C@]3(N1C(=O)[C@](O3)(C(C)C)NC(=O)[C@H]4CN([C@@H]5CC6=CNC7=CC=CC(=C67)C5=C4)C)O
calcium folinate	C1C(N(C2=C(N1)N=C(N=C2[O-])N)C=O)CNC3=CC=C(C=C3)C(=O)NC(CCC(=O)[O-])C(=O)O.O.O.O.O.O.[Ca+2]
mimosine	C1=CN(C=C(C1=O)O)C[C@@H](C(=O)O)N
sulfanilamide	C1=CC(=CC=C1N)S(=O)(=O)N
corbadrine	C[C@@H]([C@@H](C1=CC(=C(C=C1)O)O)O)N
isoetarine	CCC(C(C1=CC(=C(C=C1)O)O)O)NC(C)C.CS(=O)(=O)O
sulfametoxydiazine	COC1=CN=C(N=C1)NS(=O)(=O)C2=CC=C(C=C2)N
zomepirac	CC1=C(N(C(=C1)CC(=O)[O-])C)C(=O)C2=CC=C(C=C2)Cl.[Na+]
drofenine	CCN(CC)CCOC(=O)C(C1CCCCC1)C2=CC=CC=C2.Cl
pridinol	CS(=O)(=O)O.C1CCN(CC1)CCC(C2=CC=CC=C2)(C3=CC=CC=C3)O
hecogenin	C[C@@H]1CC[C@@]2([C@H]([C@H]3[C@@H](O2)C[C@@H]4[C@@]3(C(=O)C[C@H]5[C@H]4CC[C@@H]6[C@@]5(CC[C@@H](C6)O)C)C)C)OC1
mevalolactone	CC1(CCOC(=O)C1)O
pipenzolate bromide	CC[N+]1(CCCC(C1)OC(=O)C(C2=CC=CC=C2)(C3=CC=CC=C3)O)C.[Br-]
isopropamide iodide	CC(C)[N+](C)(CCC(C1=CC=CC=C1)(C2=CC=CC=C2)C(=O)N)C(C)C.[I-]
cinoxacin	CCN1C2=CC3=C(C=C2C(=O)C(=N1)C(=O)O)OCO3
cicloheximide	C[C@H]1C[C@@H](C(=O)[C@@H](C1)[C@@H](CC2CC(=O)NC(=O)C2)O)C
amrinone	C1=CN=CC=C1C2=CNC(=O)C(=C2)N
cefapirin	CC(=O)OCC1=C(N2[C@@H]([C@@H](C2=O)NC(=O)CSC3=CC=NC=C3)SC1)C(=O)O.[Na+]
clidinium bromide	C[N+]12CCC(CC1)C(C2)OC(=O)C(C3=CC=CC=C3)(C4=CC=CC=C4)O.[Br-]
DL-thiorphan	C1=CC=C(C=C1)CC(CS)C(=O)NCC(=O)O
alpha-yohimbine	COC(=O)[C@H]1[C@H]2C[C@H]3C4=C(CCN3C[C@H]2CCC1O)C5=CC=CC=C5N4.Cl
Prestwick-691	CN1C2CCC1CC(C2)OC(=O)C3=CC(=C(C=C3)O)OC
mycophenolic acid	CC1=C2COC(=O)C2=C(C(=C1OC)C/C=C(\C)/CCC(=O)O)O
harmalol	CC1=NCCC2=C1NC3=C2C=CC(=C3)O.Cl
pancuronium bromide	CC(=O)O[C@H]1C[C@@H]2CC[C@@H]3[C@@H]([C@]2(C[C@@H]1[N+]4(CCCCC4)C)C)CC[C@]5([C@H]3C[C@@H]([C@@H]5OC(=O)C)[N+]6(CCCCC6)C)C.Br.Br
gibberellic acid	C[C@@]12[C@H](C=C[C@@]3([C@@H]1[C@@H]([C@]45[C@H]3CC[C@](C4)(C(=C)C5)O)C(=O)O)OC2=O)O
sitosterol	CC[C@H](CC[C@@H](C)[C@H]1CC[C@@H]2[C@@]1(CC[C@H]3[C@H]2CC=C4[C@@]3(CC[C@@H](C4)O)C)C)C(C)C
cefalonium	C1C(=C(N2[C@H](S1)[C@@H](C2=O)NC(=O)CC3=CC=CS3)C(=O)[O-])C[N+]4=CC=C(C=C4)C(=O)N
oxamniquine	CC(C)NCC1CCC2=CC(=C(C=C2N1)[N+](=O)[O-])CO
Prestwick-967	CN1C2C[C@@H](C1CC(=O)C2)O
sanguinarine	C[N+]1=C2C(=C3C=CC4=C(C3=C1)OCO4)C=CC5=CC6=C(C=C52)OCO6
decamethonium bromide	C[N+](C)(C)CCCCCCCCCC[N+](C)(C)C.[Br-].[Br-]
alprostadil	CCCCC[C@@H](/C=C/[C@H]1[C@@H](CC(=O)[C@@H]1CCCCCCC(=O)O)O)O
benzathine benzylpenicillin	CC1(C(N2C(S1)C(C2=O)NC(=O)COC3=CC=CC=C3)C(=O)O)C.CC1(C(N2C(S1)C(C2=O)NC(=O)COC3=CC=CC=C3)C(=O)O)C.C1=CC=C(C=C1)CNCCNCC2=CC=CC=C2
methyldopate	CCOC(=O)[C@](C)(CC1=CC(=C(C=C1)O)O)N.Cl
3-acetamidocoumarin	CC(=O)NC1=CC2=CC=CC=C2OC1=O
betulin	CC(=C)[C@@H]1CC[C@]2([C@H]1[C@H]3CC[C@@H]4[C@]5(CC[C@@H](C([C@@H]5CC[C@]4([C@@]3(CC2)C)C)(C)C)O)C)CO
S-propranolol	CC(C)NC[C@@H](COC1=CC=CC2=CC=CC=C21)O.Cl
spaglumic acid	CC(=O)N[C@@H](CC(=O)N[C@@H](CCC(=O)O)C(=O)O)C(=O)O
netilmicin	CCN[C@@H]1C[C@@H]([C@@H]([C@H]([C@H]1O[C@@H]2[C@H]([C@@H]([C@](CO2)(C)O)NC)O)O)O[C@@H]3[C@@H](CC=C(O3)CN)N)N
iopanoic acid	CCC(CC1=C(C(=C(C=C1I)I)N)I)C(=O)O
ioxaglic acid	CC(=O)N(C)C1=C(C(=C(C(=C1I)C(=O)NCC(=O)NC2=C(C(=C(C(=C2I)C(=O)O)I)C(=O)NCCO)I)I)C(=O)NC)I
cyclic adenosine monophosphate	C1[C@@H]2[C@H]([C@H]([C@@H](O2)N3C=NC4=C(N=CN=C43)N)O)OP(=O)(O1)O
Prestwick-1083	CCN1C[C@]2(CC[C@@H]([C@]34[C@@H]2C[C@H]([C@H]31)[C@]5(C[C@H]([C@H]6C[C@@H]4[C@H]5[C@@H]6OC(=O)C)OC)O)O)COC
Prestwick-1103	COC1=CC2=C(C=CN=C2C=C1)C(=O)O
etidronic acid	CC(O)(P(=O)(O)[O-])P(=O)(O)[O-].[Na+].[Na+]
Prestwick-864	C[C@@H]1C(=O)NC(=O)N1
piromidic acid	CCN1C=C(C(=O)C2=CN=C(N=C21)N3CCCC3)C(=O)O
arcaine	C(CCN=C(N)N)CN=C(N)N.OS(=O)(=O)O
propantheline bromide	CC(C)[N+](C)(CCOC(=O)C1C2=CC=CC=C2OC3=CC=CC=C13)C(C)C.[Br-]
Prestwick-857	CC(C)(C)NC[C@H](COC1=CC=CC2=C1CCCC2=O)O
furazolidone	C1COC(=O)N1/N=C\C2=CC=C(O2)[N+](=O)[O-]
iocetamic acid	CC(CN(C1=C(C=C(C(=C1I)N)I)I)C(=O)C)C(=O)O
Prestwick-860	C[C@H]1C(=O)NC(=O)N1
nicotinic acid	C1=CC(=CN=C1)C(=O)O
3-acetylcoumarin	CC(=O)C1=CC2=CC=CC=C2OC1=O
(+)-isoprenaline	CC(C)NCC(C1=CC(=C(C=C1)O)O)O.[C@H]([C@@H](C(=O)O)O)(C(=O)O)O
(-)-isoprenaline	CC(C)NCC(C1=CC(=C(C=C1)O)O)O
pentetic acid	C(CN(CC(=O)O)CC(=O)O)N(CCN(CC(=O)O)CC(=O)O)CC(=O)O
caffeic acid	COC1=CC=C(C=C1)C=C2CCC3(C2=O)C(C4CCCCC4(OC3C5=CC=C(C=C5)OC)O)C6=CC=CC=C6
bretylium tosilate	CC[N+](C)(C)CC1=CC=CC=C1Br.CC1=CC=C(C=C1)S(=O)(=O)[O-]
butyl hydroxybenzoate	CCCCOC(=O)C1=CC=C(C=C1)O
aminohippuric acid	C1=CC(=CC=C1C(=O)NCC(=O)O)N
tonzonium bromide	CCCCCCCCCCCCCCCC[N+](C)(C)CCN(CC1=CC=C(C=C1)OC)C2=NC=CC=N2.[Br-]
bephenium hydroxynaphthoate	C[N+](C)(CCOC1=CC=CC=C1)CC2=CC=CC=C2.C1=CC=C2C=C(C(=CC2=C1)C(=O)O)[O-]
pipemidic acid	CCN1C=C(C(=O)C2=CN=C(N=C21)N3CCNCC3)C(=O)O
dexibuprofen	C[C@@H](C1=CC=C(C=C1)CC(C)C)C(=O)O
prasterone	CC(=O)O[C@H]1CC[C@@]2([C@H]3CC[C@]4([C@H]([C@@H]3CC=C2C1)CCC4=O)C)C
etynodiol	CC(=O)O[C@H]1CC[C@@H]2[C@H]3CC[C@]4([C@H]([C@@H]3CCC2=C1)CC[C@]4(C#C)OC(=O)C)C
ursodeoxycholic acid	C[C@H](CCC(=O)O)[C@H]1CC[C@@H]2[C@@]1(CC[C@H]3[C@H]2[C@H](C[C@H]4[C@@]3(CC[C@H](C4)O)C)O)C
chrysin	C1=CC=C(C=C1)C2=CC(=O)C3=C(C=C(C=C3O2)O)O
bacitracin	CC[C@H](C)[C@@H]1C(=O)N[C@@H](C(=O)N[C@@H](C(=O)N[C@@H](C(=O)N[C@@H](C(=O)NCCCC[C@@H](C(=O)N[C@@H](C(=O)N1)CCCN)NC(=O)[C@@H]([C@@H](C)CC)NC(=O)[C@H](CCC(=O)O)NC(=O)[C@H](CC(C)C)NC(=O)[C@@H]2CSC(=N2)[C@H]([C@@H](C)CC)N)CC(=O)N)CC(=O)O)CC3=CN=CN3)CC4=CC=CC=C4
proxyphylline	CC(CN1C=NC2=C1C(=O)N(C(=O)N2C)C)O
atropine methonitrate	C[N+]1([C@@H]2CC[C@H]1CC(C2)OC(=O)C(CO)C3=CC=CC=C3)C.[N+](=O)([O-])[O-]
Prestwick-920	C1CC[C@H]([C@@H](C1)N2CCC(CC2)C3=CC=CC=C3)O
esculetin	C1=CC(=O)OC2=CC(=C(C=C21)O)O
nipecotic acid	C1CC(CNC1)C(=O)O
aminocaproic acid	C(CCC(=O)O)CCN
denatonium benzoate	CC[N+](CC)(CC1=CC=CC=C1)CC(=O)NC2=C(C=CC=C2C)C.C1=CC=C(C=C1)C(=O)[O-]
scopoletin	COC1=C(C=C2C(=C1)C=CC(=O)O2)O
Prestwick-983	CN(C)CCCSC(=N)N.Cl.Cl
clofilium tosylate	CCCCCCC[N+](CC)(CC)CCCCC1=CC=C(C=C1)Cl.CC1=CC=C(C=C1)S(=O)(=O)[O-]
cefamandole	CN1C(=NN=N1)SCC2=C(N3[C@@H]([C@@H](C3=O)NC(=O)[C@@H](C4=CC=CC=C4)O)SC2)C(=O)O
methacholine chloride	CC(C[N+](C)(C)C)OC(=O)C.[Cl-]
cromoglicic acid	C1=CC2=C(C(=C1)OCC(COC3=CC=CC4=C3C(=O)C=C(O4)C(=O)[O-])O)C(=O)C=C(O2)C(=O)[O-].[Na+].[Na+]
imidurea	C(NC(=O)NC1C(=O)NC(=O)N1CO)NC(=O)NC2C(=O)NC(=O)N2CO
Prestwick-1082	C[C@@]12CCN([C@@H]1N(C3=C2C=C(C=C3)O)C)C
Prestwick-1084	C[C@H]1[C@@H]2CCC(=C3[C@@H]([C@H]2OC1=O)C(=CC3=O)C)C
natamycin	C[C@@H]1C/C=C/C=C/C=C/C=C/[C@@H](C[C@H]2[C@@H]([C@H](C[C@](O2)(C[C@H](C[C@@H]3[C@H](O3)/C=C/C(=O)O1)O)O)O)C(=O)O)O[C@@H]4[C@@H]([C@@H]([C@H]([C@@H](O4)C)O)N)O
dexpropranolol	CC(C)NC[C@H](COC1=CC=CC2=CC=CC=C21)O.Cl
Prestwick-1085	CC(CO)(C1CC2=C(C3=CC=CC=C3N=C2O1)OC)O
methanthelinium bromide	CC[N+](C)(CC)CCOC(=O)C1C2=CC=CC=C2OC3=CC=CC=C13.[Br-]
tropine	CN1[C@@H]2CC[C@@H]1CC(C2)O
chloropyrazine	C1=CN=C(C=N1)Cl
oxedrine	CNCC(C1=CC=C(C=C1)O)O
PNU-0230031	C[Si]1(C2=C3C4=C1C5=CC=CC=C5N4C6=CC=CC(=C6)C7=CC=CC(=C7)C8=CC(=CC=C8)N3C9=CC=CC=C92)C
0179445-0000	CC(C)(CCOC[C@@H](C(=O)O[C@@H]1[C@H](O[C@H]([C@@H]1O)N2C=NC3=C(N=CN=C32)N)COP(=O)(O)O[C@@H]4[C@H](O[C@H]([C@@H]4O)N5C=CC(=NC5=O)N)COP(=O)(O)O)N(C)C(=O)CCC=C)O
PNU-0251126	CC(CS)C(=O)OCOC1C2CC3C1OC(=O)C3C2
0173570-0000	C/C=C(\C)/N.CC1=CN(C=N1)C2=C(C=C(C=C2)/C=C/3\CC(CN4C3=NOC4(CO)C5=CC=C(C=C5)F)S(F)(F)(F)(F)F)OC
0175029-0000	CCN1C2=C(N=C1)C(=NC=N2)OC3=CC=C(C=C3)/C=C/C(C(=O)C(C4=CC=C(C=C4)NS(=O)(=O)C5=CC=C(C=C5)Br)/C=C/C6=CC=C(C=C6)OC7=NC=NC8=C7N=CN8CC)C9=CC=C(C=C9)NS(=O)(=O)C1=CC=C(C=C1)Br
PHA-00851261E	CCCCCCCCCCCCCCCCCCCCCCCCCC(=O)NC(CNC1CC=CCC(C(C1O)O)O)C(CC(CC)O)O
0317956-0000	[Al].[Al].[Co].[Co].[Co].[Co].[Co].[Co].[Co].[Co].[Co]
levcycloserine	C1[C@@H](C(=O)NO1)N
santonin	C[C@H]1[C@@H]2CC[C@]3(C=CC(=O)C(=C3[C@H]2OC1=O)C)C
Prestwick-1100	CC1=C(C(=O)C2=CC=CC=C2C1=O)C/C=C(\C)/CC/C=C(\C)/CC/C=C(\C)/CCC=C(C)C
2,6-dimethylpiperidine	CC1CCCC(N1)C.Cl
spiradoline	CN([C@H]1CC[C@@]2(CCCO2)C[C@@H]1N3CCCC3)C(=O)CC4=CC(=C(C=C4)Cl)Cl.CS(=O)(=O)O
withaferin A	CC1=C(C(=O)O[C@H](C1)[C@@H](C)[C@H]2CC[C@@H]3[C@@]2(CC[C@H]4[C@H]3C[C@@H]5[C@]6([C@@]4(C(=O)C=C[C@@H]6O)C)O5)C)CO
CP-690334-01	C[C@@H]1C[C@@H](C[C@H](O1)O[C@H]2C[C@@](CC3=C2C(=C4C(=C3O)C(=O)C5=C(C4=O)C(=CC=C5)OC)O)(C(=O)CO)O)O
PHA-00745360	CCCC(=O)O[C@@]12C[C@H]([C@]3([C@H]([C@@H]1C2(C)C)C=C(C[C@]4([C@H]3C=C(C4=O)C)O)COC(=O)C)O)C
alcuronium chloride	C=CC[N@@+]12[C@@H]3[C@]4(C5=CC=CC=C5N/6[C@H]4/C(=C\N7[C@H]8/C(=C6)/[C@@H]9C(=CCO)C[N@+]4([C@H]([C@]8(C5=CC=CC=C75)CC4)C9)CC=C)/[C@@H](C3)C(=CCO)C1)CC2.[Cl-].[Cl-]
AG-013608	CCCC(CC)CCC=C.C/C=C(\C=C(\C)/C=C)/C(=NC1=C(C=CC(=C1)CNC(CO)C(=C)C)C)C(C)C
PF-00562151-00	CCC=C[C@](CC)(CC=C(C)C)CO.CCC=C[C@@](CC)(CC=C(C)C)CO
PF-00875133-00	C1CCCCCCCCCCCCCCCCCCCCCCCCCCCCCCCCCCCCCCCCCCCCCCCCCCCCCCCCCCCCCCC1
PF-00539745-00	C.C.C.CC.C1=CC=C2C(=C1)C=CC3=CC=CC=C32.C1=CC=C2C(=C1)C=CC3=CC=CC=C32
PF-01378883-00	CCCCCC/C=C/C=C/CCCCCCCC(=O)OC[C@H](CO[C@@H]1C(C([C@@H]([C@@H](O1)CO[C@@H]2C(C([C@@H]([C@@H](O2)CO)O)O)O)O)O)O)OC(=O)CC/C=C/C/C=C/C/C=C/C/C=C/C/C=C/CCCCC
PF-00539758-00	CC(CC=C)(C/C=C/C1=CC2=CC3=CC=CC=C3C=C2C=C1)C4=C(C=CC5=CC=CC=C54)NC
0225151-0000	[B]CCC[C@@H](CO)/C=C/C(=C/[C@H]([C@H]1C[C@H](C[C@](O1)(CC2=NC(=CO2)/C=C(\C)/[C@H]3[C@@H]([C@@H]4[C@H]([C@H](O3)C/C=C/C5=NC(=CO5)[C@H]6C[C@@H](C[C@H](O6)C[C@H]7CC(=C)C[C@@H](O7)C/C=C\C(=O)O4)O)C)C)O)CO)O)/C
PHA-00767505E	C1CCC2CC3C(CC2C1)N4C=C(C(=O)C5C4C(O3)C(C(C5)F)NC(=O)CCN6CCCC6)C(=O)NCCCN7CCOCC7
AG-028671	CCCCC(=O)NCCCCCCNC(=O)/C=C(\C)/CC(C)C(C(C)C(=O)C(C)/C=C(\C)/C=C/CC/C=C(/CC)\C=C\C(C(C)/C=C\C)OC=O)O
PNU-0293363	CC(C1=CC(=CC=C1)Br)N2CCC3(C2)CCNC3.Cl
PHA-00665752	CC1=C(NC(=C1C(=O)N2CCC[C@@H]2CN3CCCC3)C)/C=C\4/C5=C(C=CC(=C5)S(=O)(=O)CC6=C(C=CC=C6Cl)Cl)NC4=O
AG-012559	C1=CN(C(=O)NC1=O)[C@H]2[C@@H]([C@@H]([C@H](O2)COP(=O)(CP(=O)(O)O[C@@H]3[C@@H]([C@H]([C@H]([C@H](O3)CO)O)O)O)O)O)O
0297417-0002B	CC(C(=O)NC1=CC=C(C=C1)CN2C=NC=N2)N3C(=O)C4C5CCC(C5)C4C3=O
PHA-00846566E	COC1=C(C=CC(=C1)[C@@H]([C@@H](CO)O[C@H]2[C@@H]([C@H]([C@@H]([C@H](O2)CO)O)O)O)O)O
0316684-0000	C1=CC(=C(C=C1I)F)NC2=C(C=CC(=C2F)F)C(=O)NOCCO
0198306-0000	CC1=C(C=CC(=C1)I)NC2=C(C(=C(C=C2C(=O)NOCC3CC3)F)F)F
PHA-00816795	C1CC1CONC(=O)C2=C(C(=C(C=C2)F)F)NC3=C(C=C(C=C3)I)Cl
CP-944629	CC(C)(C)C1=NN=C2N1C=C(C=C2)C3=C(N=CO3)C4=CC(=C(C=C4F)F)F
CP-863187	CCCC1=CC=C(OC1=O)[C@H](C)[C@@H](/C(=C/C/C=C(\C)/C/C(=C/C(=C/C[C@H]([C@@H](C)[C@@H](/C(=C/C)/C)O)O)/C)/C)/C)O
CP-645525-01	CC1(C(N(C2=C1C3=C(C=C2)C(=CC(=C3)S(=O)(=O)O)S(=O)(=O)O)CCOC)/C=C/C=C/C=C/4\C(C5=C(N4CCCCCC(=O)NN)C=CC6=C5C=C(C=C6S(=O)(=O)O)S(=O)(=O)O)(C)CCOCCOCCOCCOC)CCCS(=O)(=O)O
phenyl biguanide	C1=CC=C(C=C1)N=C(N)N=C(N)N
valproic acid	CCCC(CCC)C(=O)O
dexverapamil	CC(C)[C@@](CCCN(C)CCC1=CC(=C(C=C1)OC)OC)(C#N)C2=CC(=C(C=C2)OC)OC
15-delta prostaglandin J2	CCCCC/C=C/C=C/1\[C@H](C=CC1=O)C/C=C\CCCC(=O)O
nordihydroguaiaretic acid	CC(CC1=CC(=C(C=C1)O)O)C(C)CC2=CC(=C(C=C2)O)O
SC-58125	CS(=O)(=O)C1=CC=C(C=C1)N2C(=CC(=N2)C(F)(F)F)C3=CC=C(C=C3)F
MK-886	CC(C)C1=CC2=C(C=C1)N(C(=C2SC(C)(C)C)CC(C)(C)C(=O)O)CC3=CC=C(C=C3)Cl
sulindac sulfide	CC\1=C(C2=C(/C1=C\C3=CC=C(C=C3)SC)C=CC(=C2)F)CC(=O)O
exisulind	CC\1=C(C2=C(/C1=C\C3=CC=C(C=C3)S(=O)(=O)C)C=CC(=C2)F)CC(=O)O
acetylsalicylic acid	CC(=O)OC1=CC=CC=C1C(=O)O
N-phenylanthranilic acid	C1=CC=C(C=C1)NC2=CC=CC=C2C(=O)O
monorden	C[C@@H]1C[C@@H]2[C@H](O2)/C=C\C=C\C(=O)CC3=C(C(=CC(=C3Cl)O)O)C(=O)O1
arachidonyltrifluoromethane	CCCCC/C=C\C/C=C\C/C=C\C/C=C\CCCC(=O)C(F)(F)F
trichostatin A	C[C@H](/C=C(\C)/C=C/C(=O)NO)C(=O)C1=CC=C(C=C1)N(C)C
sodium phenylbutyrate	C1=CC=C(C=C1)CCCC(=O)[O-].[Na+]
2-deoxy-D-glucose	C(C=O)[C@H]([C@@H]([C@@H](CO)O)O)O
pirinixic acid	CC1=C(C(=CC=C1)NC2=CC(=NC(=N2)SCC(=O)O)Cl)C
cobalt chloride	Cl
copper sulfate	[O-]S(=O)(=O)[O-].[Cu+2]
oxamic acid	C(=O)(C(=O)O)N
arachidonic acid	CCCCC/C=C\C/C=C\C/C=C\C/C=C\CCCC(=O)O
oligomycin	CC[C@@H]/1CC[C@H]2C(C([C@H]([C@@]3(O2)CC[C@H]([C@H](O3)CC(C)O)C)C)OC(=O)/C=C/[C@@H]([C@H]([C@H](C(=O)C([C@@H]([C@H](C(=O)[C@@]([C@@H]([C@H](C/C=C/C=C1)C)O)(C)O)C)O)C)C)O)C)C
calmidazolium	C1=CC(=CC=C1C(C2=CC=C(C=C2)Cl)N3C=C[N+](=C3)CC(C4=C(C=C(C=C4)Cl)Cl)OCC5=C(C=C(C=C5)Cl)Cl)Cl
fisetin	C1=CC(=C(C=C1C2=C(C(=O)C3=C(O2)C=C(C=C3)O)O)O)O
dimethyloxalylglycine	COC(=O)CNC(=O)C(=O)OC
3-aminobenzamide	C1=CC(=CC(=C1)N)C(=O)N
5666823	CC1=C(C2=CC=CC=C2N1C)CCNC3=CC(=O)OC34CCCCC4
splitomicin	C1CC(=O)OC2=C1C3=CC=CC=C3C=C2
U0125	C1=CC=C(C=C1)S/C(=C(/C(=C(/SC2=CC=CC=C2)\N)/C#N)\C#N)/N
docosahexaenoic acid ethyl ester	CC/C=C\C/C=C\C/C=C\C/C=C\C/C=C\C/C=C\CCC(=O)OCC
5252917	C1CC(SC1)C(O)O.C1CC(SC1)C(O)O.C1CSC(S1)C(O)O.C1CSC(S1)C(O)O.C1CSC(S1)C(O)O.C1CSC(S1)C(O)O.C1CSC(S1)C(O)O.C1CSC(S1)C(O)O.C1CSC(S1)C(O)O.C1CSC(S1)C(O)O.C1CSC(S1)C(O)O.C1CSC(S1)C(O)O.C1CSC(S1)C(O)O.C1CSC(S1)C(O)O.C1CSC(S1)C(O)O.C1CSC(S1)C(O)O.O.O.O.O.O.O.O.O.O.O.O.O.O.O.[Mn].[Mn].[Mn].[Mn].[Mn].[Mn].[Mn].[Mn].[Mn].[Mn].[Mn].[Mn]
5255229	CC(C)C1=CC(=NN1)C(C)C
5211181	CC(C)C(C(=O)NC1=CC=CC2=C1C=CC=C2S(=O)(=O)NC)NC(=O)C3=CC=CC=C3
5248896	C1(C(C([N-]C(C1Cl)Cl)C(=O)O)Cl)N.C1(C(=C(C(=C([N-]1)Cl)Cl)N)Cl)C(=O)O.[NH2-].O.O.[Mn].[Mn].[Mn+2]
5224221	C1=CC(=C(C=C1C2=CSC(=N2)C3=CC4=C(C=CC(=C4)Br)OC3=O)Cl)Cl
5279552	CC[C@@H](C)[C@H](C(=O)O)NC(=O)[C@@H](CO)NC(=O)[C@@H](CC1=CN=CN1)NC(=O)[C@@H](CC2=CC=CC=C2)NC(=O)[C@@H]3CCCN3C(=O)[C@@H](CCC(=O)N)NC(=O)[C@@H](CC4=CNC5=CC=CC=C54)NC(=O)[C@@H]([C@H](C)O)N
5253409	CC1=CC2=C(C=C1)C(=O)C(=C(O2)C3=CC=CO3)OC(C)C(=O)OCC4=CC=CC=C4
5230742	CC1=CC(=C2C(=C1)SC(=N2)N3C(C(=C(C4=CC(=CC=C4)OC)O)C(=O)C3=O)C5=CC=NC=C5)C
quinostatin	CCC1=CC=C(C=C1)C(=O)C2=C(C3=CC4=C(C=C3N=C2)OCCO4)N5CCC(CC5)C(=O)N
ikarugamycin	CC[C@@H]1[C@@H](C[C@H]2[C@H]1C=C[C@H]3[C@@H]2C[C@@H]/4[C@@H]3C/C=C\C(=O)NCCC[C@H]5C(=O)/C(=C(\C=C4)/O)/C(=O)N5)C
5182598	COC1=CC=CC(=C1OC)C=NNC(=O)CSC2=NC3=CC=CC=C3N2CC4=CC=CC=C4Cl
5186223	CCCOC(=O)C1=C(SC2=C1CCCCC2)NC(=O)CC
5286656	CCOC(=O)C1=C(N=C2N(C1C3=CC4=C(C=C3)OCO4)C(=O)/C(=C\C5=CC=CC=C5Cl)/S2)C
5149715	CCCCNC(=O)N1CCCC1C2=NC(=NO2)C3=CC(=CC=C3)Cl
5162773	CC1CCN(CC1)C2=CC=CC=C2NC(=S)NC(=O)C3=CC=C(C=C3)C
pararosaniline	C1=CC(=N)C=CC1=C(C2=CC=C(C=C2)N)C3=CC=C(C=C3)N.Cl
5152487	CCCC(C(=O)OC1=CC(=CC2=C1C(=C(C(=O)O2)C)C)C)NC(=O)OCC3=CC=CC=C3
5213008	CC1=CC(=C(N1C2=C(C=CC(=C2)[N+](=O)[O-])OC)C)C=C3C(=O)NN(C3=O)C4=CC=CC=C4
5186324	CCC(C)OC1=CC=CC=C1C=C2C(=O)N(C(=S)S2)NC(=O)C3=CC=C(C=C3)OC
5114445	CCOC(=O)C(=C1CCC2(CC1)OCCO2)C#N
5151277	C1=CC(=CC(=C1)F)CC(=N)N
5109870	CCOC1=CC=C(C=C1)N2CC([N+]3=C2CCCCC3)(C4=CC=C(C=C4)[N+](=O)[O-])O
5140203	CCN1C(=O)C(=CC2=CC(=C(C(=C2)I)OCC(=O)O)OCC)SC1=NC3=CC=CC(=C3)C(=O)OC
HC toxin	C[C@@H]1C(=O)N[C@H](C(=O)N2CCC[C@@H]2C(=O)N[C@H](C(=O)N1)C)CCCCCC(=O)[C@@H]3CO3
demecolcine	CN[C@H]1CCC2=CC(=C(C(=C2C3=CC=C(C(=O)C=C13)OC)OC)OC)OC
12,13-EODE	CCCCCC1C(O1)C/C=C/CCCCCCCC(=O)O
tyrphostin AG-825	COC1=CC(=CC(=C1O)CSC2=NC3=CC=CC=C3S2)/C=C(\C#N)/C(=O)N
phenanthridinone	C1=CC=C2C(=C1)C3=CC=CC=C3NC2=O
DL-PPMP	CCCCCCCCCCCCCCCC(=O)N[C@H](CN1CCOCC1)[C@@H](C2=CC=CC=C2)O.Cl
cytochalasin B	C[C@@H]1CCC[C@H](/C=C/C(=O)O[C@]23[C@@H](/C=C/C1)[C@@H](C(=C)[C@H]([C@H]2[C@@H](NC3=O)CC4=CC=CC=C4)C)O)O
tyrphostin AG-1478	COC1=C(C=C2C(=C1)C(=NC=N2)NC3=CC(=CC=C3)Cl)OC
cefoperazone	CCN1CCN(C(=O)C1=O)C(=O)N[C@H](C2=CC=C(C=C2)O)C(=O)N[C@H]3[C@@H]4N(C3=O)C(=C(CS4)CSC5=NN=NN5C)C(=O)O
stachydrine	C[N+]1(CCC[C@H]1C(=O)[O-])C
Prestwick-664	C1CN(CCN1CCCC2=CC=CC=C2)CCOC(C3=CC=C(C=C3)F)C4=CC=C(C=C4)F.Cl.Cl
nalidixic acid	CCN1C=C(C(=O)C2=C1N=C(C=C2)C)C(=O)O
salsolidin	C[C@H]1C2=CC(=C(C=C2CCN1)OC)OC
Prestwick-689	C[C@]12CC[C@H](C[C@@H]1CC[C@@H]3[C@@H]2CC[C@]4([C@H]3CCC4=O)C)O
Prestwick-984	CCCCN(CCCC)CCCOC(=O)C1=CC=C(C=C1)N
Prestwick-981	CC(C[N+](C)(C)C)OC(=O)C.[Cl-]
Prestwick-972	C1=NC(=NC(=O)N1C2[C@H]([C@H]([C@H](O2)CO)O)O)N
Prestwick-1080	CC(C)SC1=CC2=C(C=C1)N=C(N2)NC(=O)OC
valinomycin	C[C@H]1C(=O)N[C@H](C(=O)O[C@@H](C(=O)N[C@@H](C(=O)O[C@H](C(=O)N[C@H](C(=O)O[C@@H](C(=O)N[C@@H](C(=O)O[C@H](C(=O)N[C@H](C(=O)O[C@@H](C(=O)N[C@@H](C(=O)O1)C(C)C)C(C)C)C(C)C)C)C(C)C)C(C)C)C(C)C)C)C(C)C)C(C)C)C(C)C
3-nitropropionic acid	C(C[N+](=O)[O-])C(=O)O
STOCK1N-35215	CCN1C[C@@]2(CC[C@@H]([C@@]34[C@@H]2CC(C31)[C@]5(C[C@@H]([C@H]6C[C@@H]4[C@@H]5[C@H]6O)OC)O)OC)COC
5707885	C[N+](=C/N=C(/NC1=CC=C(C=C1)OC)\SC)C.[I-]
C-75	CCCCCCCCC1C(C(=C)C(=O)O1)C(=O)O
F0447-0125	CC1=C(C(=CC=C1)NC(=O)C2=CC3C=CC=CC3OC2=O)C
5155877	CC(C(=O)C1=CC=CC=C1)OC(=O)C2=CC(=NC3=C2C=C(C=C3)Br)C4=CC=C(C=C4)N5C(=O)C6C7C=CC(C6C5=O)C8C7C8
5194442	COC1=CC=C(C=C1)N2C(=O)C3=C(N=C2SCC(=O)NN=CC4=CC(=C(C=C4)Cl)[N+](=O)[O-])SC5=C3CCCC5
6-bromoindirubin-3'-oxime	C1=CC=C2C(=C1)C(=C(N2)C3=C(NC4=C3C=CC(=C4)Br)O)N=O
Gly-His-Lys	C1=C(NC=N1)C[C@@H](C(=O)N[C@@H](CCCCN)C(=O)O)NC(=O)CN
STOCK1N-35874	CCN1C[C@@]2(CC[C@@H]([C@@]34[C@@H]2CC(C31)[C@]5(C[C@@H]([C@H]6C[C@@H]4[C@@H]5[C@H]6O)OC)O)OC)COC
16,16-dimethylprostaglandin E2	CCCCC(C)(C)[C@@H](/C=C/[C@H]1[C@@H](CC(=O)[C@@H]1C/C=C\CCCC(=O)O)O)O
11-deoxy-16,16-dimethylprostaglandin E2	CCCCC(C)(C)C(/C=C/[C@H]1CCC(=O)C1C/C=C\CCCC(=O)O)O
STOCK1N-35696	CCN1C[C@@]2(CC[C@@H]([C@@]34[C@@H]2CC(C31)[C@]5(C[C@@H]([C@H]6C[C@@H]4[C@@H]5[C@H]6O)OC)O)OC)COC
STOCK1N-28457	CCN1C[C@@]2(CC[C@@H]([C@@]34[C@@H]2CC(C31)[C@]5(C[C@@H]([C@H]6C[C@@H]4[C@@H]5[C@H]6O)OC)O)OC)COC
BAS-012416453	C[N+]1(CCCCC1)C.[Cl-]
carmustine	C(CCl)NC(=O)N(CCCl)N=O
AH-23848	C1COCCN1C2C(C(CC2=O)OCC3=CC=C(C=C3)C4=CC=CC=C4)CC/C=C/CCC(=O)O
NS-398	CS(=O)(=O)NC1=C(C=C(C=C1)[N+](=O)[O-])OC2CCCCC2
lomustine	C1CCC(CC1)NC(=O)N(CCCl)N=O
AH-6809	CC(C)OC1=CC2=C(C=C1)C(=O)C3=C(O2)C=CC(=C3)C(=O)O
alsterpaullone	C1C2=C(C3=CC=CC=C3NC1=O)NC4=C2C=C(C=C4)[N+](=O)[O-]
GW-8510	C1=CC=NC(=C1)NS(=O)(=O)C2=CC=C(C=C2)N=CC3=C(NC4=C3C5=C(C=C4)N=CS5)O
MG-262	B([C@H](CC(C)C)NC(=O)[C@H](CC(C)C)NC(=O)[C@H](CC(C)C)NC(=O)OCC1=CC=CC=C1)(O)O
CAY-10397	CN(C1CCC2=C(C1)C3=CC=CC=C3N2CC(=O)O)S(=O)(=O)C4=CC=C(C=C4)F
MS-275	C1=CC=C(C(=C1)N)NC(=O)C2=CC=C(C=C2)CNC(=O)OCC3=CN=CC=C3
semustine	CC1CCC(CC1)NC(=O)N(CCCl)N=O
BCB000040	C1=CC=C2C(=C1)C3=CC=CC=C3N2CCC4=NC5=CC=CC=C5N4
suramin sodium	CC1=C(C=C(C=C1)C(=O)NC2=C3C(=CC(=CC3=C(C=C2)S(=O)(=O)[O-])S(=O)(=O)[O-])S(=O)(=O)[O-])NC(=O)C4=CC(=CC=C4)NC(=O)NC5=CC=CC(=C5)C(=O)NC6=C(C=CC(=C6)C(=O)NC7=C8C(=CC(=CC8=C(C=C7)S(=O)(=O)[O-])S(=O)(=O)[O-])S(=O)(=O)[O-])C.[Na+].[Na+].[Na+].[Na+].[Na+].[Na+]
meteneprost	CCCCC(C)(C)[C@@H](/C=C/[C@H]1[C@@H](CC(=C)[C@@H]1C/C=C\CCCC(=O)O)O)O
16-phenyltetranorprostaglandin E2	C[C@]12CC[C@@H](C([C@@H]1CC[C@@]3([C@@H]2C(=O)C=C4[C@]3(CC[C@@]5([C@H]4C[C@@]6(C[C@H]5OC6=O)C)C)C)C)(C)C)O[C@H]7[C@@H]([C@H]([C@@H]([C@H](O7)C(=O)O)O)O)O[C@H]8[C@@H]([C@H]([C@@H]([C@H](O8)C(=O)O)O)O)O
IC-86621	CC(=O)C1=C(C=C(C=C1)N2CCOCC2)O
